스타일,채널,순위,캐리오버등급,단독상품,정상가,할인가,할인율,라이브,메가위크,셀럽착장
SPABGA9A55,지그재그,256,,,29900,29900,,,,
SPABGA9A98,지그재그,301,,,15900,15900,,V,,
SPABGA9A99,지그재그,283,,,19900,19900,,V,,
SPACG24A50,지그재그,393,,,25900,25900,,,,
SPACG24A51,지그재그,403,,,19900,19900,,,,
SPACG25A50,지그재그,,,,25900,25900,,,,
SPACGA9A50,지그재그,281,,,19900,19900,,,,
SPACGA9A51,지그재그,209,,,25900,25900,,,,
SPAKG24A01,지그재그,302,,,29900,29900,,,,
SPAKG24A02,지그재그,,,,25900,25900,,,,
SPAKG37A11,지그재그,,,,25900,25900,,,,
SPAKGA9A01,지그재그,388,,,29900,29900,,,,
SPAKGA9A02,지그재그,320,,,25900,25900,,,,
SPAKGA9A03,지그재그,291,,,25900,25900,,,,
SPAKGA9A04,지그재그,231,,,35900,35900,,,,
SPAKGA9A05,지그재그,311,,,39900,39900,,,,
SPAKGA9A10,지그재그,190,,,39900,39900,,,,
SPAKGA9A11,지그재그,247,,,39900,39900,,,,
SPAKGA9A60,지그재그,,,,39900,39900,,,,
SPAKGA9A61,지그재그,,,,29900,29900,,,,
SPAKGA9A71,지그재그,278,,,39900,39900,,,,
SPAKGA9A72,지그재그,,,,19900,19900,,,,
SPAKGA9A73,지그재그,389,,,29900,29900,,,,
SPAKGA9A74,지그재그,257,,,29900,29900,,,,
SPAKGA9A75,지그재그,369,,,39900,39900,,,,
SPAKGA9A76,지그재그,,,,29900,29900,,,,
SPAKGA9A77,지그재그,,,,39900,39900,,,,
SPAKGA9A78,지그재그,,,,49900,49900,,,,
SPAKGA9A80,지그재그,279,,,39900,39900,,,,
SPAKGA9A82,지그재그,353,,,49900,49900,,,,
SPAKGA9A83,지그재그,354,,,49900,49900,,,,
SPAKGA9A84,지그재그,370,,,39900,39900,,,,
SPAKGA9A95,지그재그,413,,,29900,14900,50,,,
SPAKGA9A96,지그재그,409,,,39900,19900,50,,,
SPAUGA9A50,지그재그,,,,9900,9900,,,,
SPAUGA9A51,지그재그,,,,15900,15900,,,,
SPAYG25A01,지그재그,414,,,2900,2900,,,,
SPAYG25A02,지그재그,,,,2900,2900,,,,
SPAYG37A99,지그재그,359,,,6900,6900,,,,
SPAYGA9A02,지그재그,378,,,9900,9900,,,,
SPAYGA9A03,지그재그,358,,,9900,9900,,,,
SPAYGA9A04,지그재그,285,,,9900,9900,,,,
SPAYGA9A12,지그재그,,,,2900,2900,,,,
SPAYGA9A50,지그재그,410,,,5900,5900,,,,
SPBNG24W91,지그재그,305,,,29900,14900,50,,,
SPBNG37W01,지그재그,60,A,,29900,29900,,,V,
SPBNG37W02,지그재그,23,,,39900,39900,,,,
SPBNG37W04,지그재그,223,,,39900,39900,,,,
SPBNG38W93,지그재그,39,,,39900,39900,,,,
SPBNG38W94,지그재그,205,,,39900,39900,,,,
SPBNG38W95,지그재그,123,,,39900,39900,,,,
SPBNGA9W51,지그재그,266,,,25900,25900,,,,
SPBWG23W01,지그재그,252,A,스타일단독,49900,49900,,,V,
SPBWG23W02,지그재그,,A,스타일단독,49900,49900,,,V,
SPBWG23W03,지그재그,212,,,49900,24900,50,,V,
SPBWG23W04,지그재그,,,스타일단독,39900,39900,,,V,
SPBWG23W05,지그재그,374,,,39900,19900,50,,V,
SPBWG24W91,지그재그,376,,,39900,19900,50,,,
SPBWG24W92,지그재그,269,,,49900,24900,50,,,
SPBWG24W93,지그재그,298,,,39900,19900,50,,,
SPBWG25W01,지그재그,16,A,스타일단독,39900,39900,,,V,V
SPBWG25W02,지그재그,226,,,39900,39900,,,,
SPBWG37W01,지그재그,67,,,39900,39900,,,,
SPBWG37W02,지그재그,254,,,49900,49900,,,,
SPBWG37W91,지그재그,132,,,39900,39900,,,,
SPCKG12W01,지그재그,,B,,,,,,,
SPCKG23U02,지그재그,,,,49900,49900,,,,
SPCKG23W01,지그재그,45,,"레드, 라이트핑크",35900,19900,45,,V,
SPCKG23W03,지그재그,399,,,49900,24900,50,,,
SPCKG23WS1,지그재그,375,,,39900,39900,,,,
SPCKG24G01,지그재그,1,A,"LIGHT PINK, LIGHT BLUE",29900,26910,10,V,V,V
SPCKG24G02,지그재그,2,A,,29900,26910,10,V,V,V
SPCKG25G01,지그재그,66,,,35900,35900,,,,
SPCKG25G02,지그재그,44,,,39900,39900,,,,
SPCKG25G03,지그재그,36,,,39900,39900,,,,
SPCKG25G04,지그재그,175,,,39900,39900,,,,
SPCKG25G50,지그재그,135,,,39900,39900,,,,
SPFZG12G90,지그재그,357,,,49900,24900,50,,,
SPGMG37CS1,지그재그,196,,,19900,19900,,,,
SPGMG37CS2,지그재그,,,,25900,25900,,,,
SPGMG37CS3,지그재그,,,,39900,39900,,,,
SPHWG25C53,지그재그,192,,,29900,29900,,,,
SPHWG25G50,지그재그,172,,,29900,29900,,,,
SPHWG26C61,지그재그,183,,,29900,29900,,,,
SPJEG23CY1,지그재그,,,,69900,69900,,,,
SPJEG23G01,지그재그,,,,59900,59900,,,,
SPJEG23G02,지그재그,,,,59900,59900,,,,
SPJJG23C03,지그재그,,,,69900,69900,,,,
SPJJG23C11,지그재그,332,,,59900,29900,50,,,
SPJJG23C21,지그재그,,,,89900,44900,50,,,
SPJJG23CY1,지그재그,,,,79900,39900,50,,,
SPJJG23CY2,지그재그,384,,,59900,29900,50,,,
SPJJG23G01,지그재그,330,,,59900,39900,33,,,
SPJJG23G02,지그재그,,B,스타일단독,69900,34900,50,,,
SPJJG23G03,지그재그,333,A,,59900,29900,50,,V,
SPJJG23G12,지그재그,,,,89900,89900,,,,
SPJJG23G13,지그재그,271,A,,59900,39900,33,,,
SPJJG23GS1,지그재그,383,,,69900,69900,,,,
SPJJG23GY1,지그재그,,,,79900,79900,,,,
SPJJG24G01,지그재그,109,,,49900,49900,,,V,
SPJJG25C09,지그재그,35,B,,39900,35910,10,,,
SPJJG25C21,지그재그,272,,,39900,39900,,,,
SPJJG25CS1,지그재그,,,,39900,39900,,,,
SPJJG25CS2,지그재그,385,,,29900,29900,,,,
SPJJG25G01,지그재그,6,A,,39900,35910,10,V,V,
SPJJG25G03,지그재그,87,B,,59900,59900,,,V,
SPJJG25G11,지그재그,114,A,,49900,49900,,,,
SPJJG25GS1,지그재그,213,,,49900,49900,,,,
SPJJG25GY1,지그재그,53,B,스타일단독,49900,49900,,,V,V
SPJJG26G01,지그재그,88,,,39900,39900,,,,
SPJJG37C02,지그재그,219,,,39900,39900,,,,
SPJJG37C03,지그재그,366,,,39900,39900,,,,
SPJJG37G02,지그재그,5,A,,39900,35910,10,V,V,V
SPJKG23W03,지그재그,307,A,"화이트엣지, 믹스",79900,79900,,,V,
SPJKG24W02,지그재그,51,A,IVORY,79900,71910,10,,V,
SPJKG25W01,지그재그,40,,IVORY,69900,62910,10,,V,
SPJKGA9W01,지그재그,239,,,79900,79900,,,V,
SPJKGA9W02,지그재그,,A,,79900,79900,,,V,
SPJLF49W16,지그재그,,,CAMEL,89900,89900,,,,
SPJLF49W17,지그재그,,,단독상품,79900,79900,,,,
SPJLF4VW04,지그재그,,,GRAPHIC BLACK,99900,49900,50,,,
SPJLG12W15,지그재그,,,,89900,89900,,,,
SPJLG12W16,지그재그,,,,89900,89900,,,,
SPJPF4TC24,지그재그,,A,,,,,,,
SPJPG11C16,지그재그,,,,89900,44900,50,,,
SPJPG11G16,지그재그,,,,89900,44900,50,,,
SPJPG11G31,지그재그,,A,,,,,,,
SPJVG25C21,지그재그,361,,,39900,39900,,,,
SPKAG23W02,지그재그,,,,29900,15900,47,,,
SPKAG23WS1,지그재그,,,,39900,39900,,,,
SPKNG37G01,지그재그,270,,,25900,25900,,,V,
SPKNG37G91,지그재그,381,,,35900,35900,,,,
SPKNG37G92,지그재그,,,,35900,35900,,,,
SPKNG37W91,지그재그,,,,39900,39900,,,,
SPKNG37W92,지그재그,,,,39900,39900,,,,
SPKWG11G01,지그재그,,B,,,,,,,
SPKWG23G02,지그재그,,A,스타일단독,39900,39900,,,,
SPKWG23G03,지그재그,404,,,39900,19900,50,,,
SPKWG23W01,지그재그,,,,29900,29900,,,,
SPKWG23W02,지그재그,,,,29900,15900,47,,,
SPKWG23W03,지그재그,,A,,29900,29900,,,,
SPKWG23WS1,지그재그,319,,,29900,29900,,,,
SPKWG23WS2,지그재그,,,,39900,39900,,,,
SPKWG24G01,지그재그,91,A,,29900,29900,,,V,
SPKWG24G02,지그재그,25,B,,35900,32310,10,,V,
SPKWG25G01,지그재그,58,,,39900,39900,,,,
SPKWG25W92,지그재그,,,,35900,35900,,,,
SPKWG37G01,지그재그,8,,,35900,35900,,,,
SPKWG37G90,지그재그,328,,,35900,35900,,,,
SPKWG37W01,지그재그,158,,,39900,39900,,,,
SPKWG37W03,지그재그,13,,,29900,29900,,,,
SPKWG37W94,지그재그,382,,,35900,35900,,,,
SPKWG37W95,지그재그,,,,35900,35900,,,,
SPKWG37WS2,지그재그,286,,,35900,35900,,,,
SPLOG37A01,지그재그,367,,,39900,39900,,,,
SPLOG37A02,지그재그,368,,,39900,39900,,,,
SPLOG37A03,지그재그,241,,,39900,39900,,,,
SPLOG37A04,지그재그,277,,,39900,39900,,,,
SPLOG37A97,지그재그,,,,25900,25900,,,,
SPLOG37G01,지그재그,232,,,35900,35900,,,,
SPLOGA9A01,지그재그,395,,,25900,25900,,,,
SPLOGA9A02,지그재그,348,,,25900,25900,,,,
SPLOGA9A03,지그재그,258,,,29900,29900,,,,
SPLOGA9A04,지그재그,,,,39900,39900,,,,
SPLSG12G01,지그재그,,B,,,,,,,
SPLSG23C03,지그재그,392,,,29900,29900,,,,
SPLSG23C04,지그재그,,B,,39900,39900,,,,
SPLWG12G50,지그재그,,,,35900,19900,45,,,
SPLWG23C02,지그재그,,,,35900,35900,,,,
SPLWG23C63,지그재그,,,,35900,35900,,,,
SPLWG23C95,지그재그,,,,35900,35900,,,,
SPLWG23C96,지그재그,,,,35900,35900,,,,
SPLWG23G01,지그재그,,,,19900,9900,50,,,
SPLWG23G02,지그재그,165,,,29900,14900,50,,V,
SPLWG23G03,지그재그,343,,멜란지그레이,35900,17900,50,,V,
SPLWG23G04,지그재그,344,,,35900,17900,50,,V,
SPLWG23G05,지그재그,411,A,,29900,14900,50,,,
SPLWG23G92,지그재그,,,,39900,39900,,,,
SPLWG23G96,지그재그,,,,35900,35900,,,,
SPLWG23G97,지그재그,,,,35900,35900,,,,
SPLWG23GY0,지그재그,325,A,,29900,14900,50,,V,
SPLWG24G01,지그재그,95,B,스타일단독,35900,35900,,,V,V
SPLWG24G91,지그재그,,,,29900,14900,50,,,
SPLWG24GY0,지그재그,97,B,스타일단독,49900,49900,,,V,V
SPMAG24A01,지그재그,415,,,9900,9900,,,,
SPMAGA9A80,지그재그,,,,19900,19900,,,,
SPMNG11C61,지그재그,,B,,,,,,,
SPMNG12C50,지그재그,,,,39900,19900,50,,,
SPMNG12C73,지그재그,,,,49900,49900,,,,
SPMNG23C62,지그재그,,,,49900,24900,50,,,
SPMNG23C65,지그재그,,,,49900,49900,,,,
SPMNG23G60,지그재그,,,,49900,24900,50,,,
SPMNG23GY0,지그재그,,A,스타일단독,39900,19900,50,,,
SPMTG12C02,지그재그,,,,39900,25900,35,,,
SPMTG12G01,지그재그,346,A,,35900,25900,28,,,
SPMTG23C01,지그재그,,,,49900,49900,,,,
SPMTG23C64,지그재그,206,,,39900,39900,,,,
SPMTG23C66,지그재그,326,,,35900,35900,,,,
SPMTG23G02,지그재그,,A,,39900,39900,,,,
SPMTG23G04,지그재그,400,B,,49900,49900,,,,
SPMTG23GY0,지그재그,187,B,스타일단독,49900,39900,20,,,
SPMTG24C60,지그재그,174,,,35900,35900,,,,
SPMTG24G01,지그재그,46,B,,25900,25900,,,V,
SPMTG24G02,지그재그,337,A,스타일단독,25900,25900,,,V,V
SPMTG24G05,지그재그,156,,,35900,35900,,,,
SPMTG24G06,지그재그,227,,,35900,35900,,,,
SPMTG24G91,지그재그,,,,39900,39900,,,,
SPMTG24G92,지그재그,372,,,39900,39900,,,,
SPMTG25C31,지그재그,,,,49900,24900,50,,,
SPMTG25C32,지그재그,362,,,39900,39900,,,,
SPMTG25C51,지그재그,334,,,29900,29900,,,,
SPMTG25C61,지그재그,235,,,29900,29900,,,,
SPMTG26C01,지그재그,194,,,25900,25900,,,,
SPMTG26C02,지그재그,280,,,29900,29900,,,,
SPMTG37G01,지그재그,82,,,29900,29900,,,V,
SPMTG37G02,지그재그,94,B,,29900,29900,,,V,
SPMTG37G03,지그재그,233,B,,29900,29900,,,,
SPMTG37G04,지그재그,57,,,39900,39900,,V,,
SPMTG37G51,지그재그,101,,,29900,29900,,,,
SPMTG37GY0,지그재그,79,B,,29900,29900,,,V,
SPMWG23G01,지그재그,379,,스타일단독,35900,35900,,,V,
SPMZG11C60,지그재그,,B,,,,,,,
SPMZG23C01,지그재그,,,,39900,39900,,,,
SPMZG23C02,지그재그,,,,49900,24900,50,,,
SPMZG23CY2,지그재그,,B,,49900,24900,50,,,
SPMZG23G01,지그재그,,,,39900,39900,,,,
SPMZG23G02,지그재그,350,B,,49900,49900,,,,
SPMZG23G50,지그재그,324,B,,49900,49900,,,,
SPMZG23GY0,지그재그,386,B,,59900,29900,50,,,
SPMZG24G05,지그재그,186,,,39900,39900,,,V,
SPMZG25C02,지그재그,,,,49900,49900,,,,
SPMZG37G02,지그재그,96,A,,39900,39900,,,V,
SPOJG24G01,지그재그,103,,,59900,59900,,,V,
SPOWG23W01,지그재그,331,,,59900,59900,,,V,
SPOWG24G92,지그재그,297,,,49900,24900,50,,,
SPOWG37G90,지그재그,139,,,49900,49900,,,,
SPOWG37G91,지그재그,122,,,59900,59900,,,,
SPOWG37W01,지그재그,81,B,,49900,49900,,,V,
SPPPG11U04,지그재그,,,,49900,49900,,,,
SPPPG23U03,지그재그,203,,,39900,39900,,,,
SPPPG23U05,지그재그,273,,,39900,39900,,,,
SPPPG23U07,지그재그,62,,,29900,29900,,,,
SPPPG23U08,지그재그,,,,39900,39900,,,,
SPPPG23U14,지그재그,,,,39900,39900,,,,
SPPPG25U01,지그재그,77,,,39900,39900,,,,
SPPPG25U02,지그재그,137,,,39900,39900,,,,
SPPPG25U03,지그재그,189,,,39900,39900,,,,
SPPPG25U04,지그재그,242,,,39900,39900,,,,
SPPPG25U05,지그재그,83,,,39900,39900,,,,
SPPPG25U06,지그재그,117,,,39900,39900,,,,
SPPPG25U07,지그재그,243,,,39900,39900,,,,
SPPPG25U08,지그재그,,,,39900,39900,,,,
SPPPG25U09,지그재그,153,,,39900,39900,,,,
SPPPG25U10,지그재그,313,,,39900,39900,,,,
SPPPG37U25,지그재그,104,,,29900,29900,,,,
SPRLG23U03,지그재그,,,,25900,25900,,,,
SPRLG23U04,지그재그,390,,,29900,29900,,,,
SPRLG25U01,지그재그,265,,,25900,25900,,,,
SPRLG25U02,지그재그,229,,,25900,25900,,,,
SPRLG25U03,지그재그,321,,,25900,25900,,,,
SPRLG25U04,지그재그,182,,,25900,25900,,,,
SPRLG25U05,지그재그,171,,,25900,25900,,,,
SPRLG25U06,지그재그,236,,,29900,29900,,,,
SPRLG25U08,지그재그,292,,,25900,25900,,,,
SPRLG25U09,지그재그,85,,,25900,25900,,,,
SPRLG25U13,지그재그,,,,25900,25900,,,,
SPRLG25U20,지그재그,250,,,25900,25900,,,,
SPRLG25U21,지그재그,336,,,29900,29900,,,,
SPRLG25U24,지그재그,396,,,25900,25900,,,,
SPRLG37U01,지그재그,287,,,35900,35900,,,,
SPRLG37U02,지그재그,237,,,29900,29900,,,,
SPRLG37U03,지그재그,380,,,35900,35900,,,,
SPRLG37U04,지그재그,327,,,35900,35900,,,,
SPRLG37U07,지그재그,288,,,35900,35900,,,,
SPRLG37U08,지그재그,261,,,35900,35900,,,,
SPRLG37U09,지그재그,304,,,29900,29900,,,,
SPRLG37U35,지그재그,251,,,25900,25900,,,,
SPRLG37U37,지그재그,267,,,25900,25900,,,,
SPRLG37U38,지그재그,210,,,25900,25900,,,,
SPRLG37U40,지그재그,,,,35900,35900,,,,
SPRLG37U43,지그재그,238,,,29900,29900,,,,
SPRLG37U53,지그재그,289,,,35900,35900,,,,
SPRNFA9A20,지그재그,342,,,9900,9900,,,,
SPRNG24G01,지그재그,151,,스타일단독,19900,19900,,,V,V
SPRNG24G02,지그재그,71,,,19900,19900,,V,V,V
SPRNG24G98,지그재그,339,,,19900,19900,,,,
SPRNG37C01,지그재그,317,,,19900,19900,,,,
SPRNG37G01,지그재그,47,A,,19900,19900,,,V,V
SPRNG37G03,지그재그,345,,,19900,19900,,,V,V
SPRNG37G04,지그재그,78,A,,15900,15900,,,V,V
SPRNG37G05,지그재그,110,,,19900,19900,,,,
SPRNG37G06,지그재그,33,,,19900,19900,,V,V,
SPRNG37G80,지그재그,134,,,29900,29900,,,,
SPRNG37G89,지그재그,15,,,19900,19900,,V,,
SPRNG37G95,지그재그,340,,,19900,19900,,,,
SPRNG37GY0,지그재그,119,,,19900,19900,,,V,V
SPRNGA9A20,지그재그,111,,,12900,12900,,,V,
SPRPG24C60,지그재그,249,A,,25900,25900,,,,
SPRPG24C61,지그재그,335,,,29900,29900,,,,
SPRPG24C62,지그재그,299,,,19900,19900,,,,
SPRPG24G50,지그재그,61,B,,25900,23310,10,,V,
SPRPG24G51,지그재그,74,A,NAVY,19900,19900,,,V,V
SPRPG24G52,지그재그,54,A,,19900,17910,10,,V,
SPRPG24G53,지그재그,113,B,,29900,26910,10,,V,
SPRPG24G55,지그재그,89,B,,25900,23310,10,,V,
SPRPG24G70,지그재그,169,,,19900,19900,,,V,
SPRPG24G71,지그재그,,,,19900,14900,25,,V,
SPRPG24G91,지그재그,,,,,,,,V,
SPRPG24GY0,지그재그,121,A,,29900,29900,,,V,
SPRPG25C50,지그재그,179,,,19900,19900,,,,
SPRPG25C51,지그재그,181,,,25900,25900,,,,
SPRPG25C52,지그재그,406,,,19900,19900,,,,
SPRPG25C60,지그재그,228,,,25900,25900,,,,
SPRPG25C62,지그재그,,,,19900,19900,,,,
SPRPG25C63,지그재그,300,,,19900,19900,,,,
SPRPG25C64,지그재그,,,,19900,19900,,,,
SPRPG25C70,지그재그,,A,,,,,,,
SPRPG25C71,지그재그,,A,,,,,,,
SPRPG25G50,지그재그,202,A,,29900,29900,,,V,
SPRPG25G51,지그재그,263,,,19900,19900,,,,
SPRPG25G52,지그재그,120,,,25900,23310,10,,,
SPRPG25G90,지그재그,,A,,19900,19900,,,,
SPRPG26C61,지그재그,160,,,25900,25900,,,,
SPRPG26C62,지그재그,164,,,19900,19900,,,,
SPRPG26G50,지그재그,70,B,,19900,17910,10,,V,
SPRPG26G53,지그재그,290,,,19900,19900,,,,
SPRPG37C62,지그재그,318,,,19900,19900,,,,
SPRPG37C63,지그재그,159,,,19900,19900,,,,
SPRPG37C64,지그재그,341,,,19900,19900,,,,
SPRPG37C82,지그재그,360,,,15900,15900,,,,
SPRPG37C83,지그재그,329,,,15900,15900,,,,
SPRPG37C85,지그재그,284,,,15900,15900,,,,
SPRPG37G51,지그재그,129,,,25900,25900,,,,
SPRPG37G54,지그재그,19,,,29900,26910,10,V,,
SPRPG37G72,지그재그,133,,,19900,19900,,,,
SPRPG37G90,지그재그,126,,,35900,35900,,,,
SPRPG37GY0,지그재그,65,B,스타일단독,25900,25900,,,V,V
SPRPGA9C70,지그재그,173,,,29900,29900,,,,
SPRSG24G01,지그재그,161,A,,25900,25900,,,V,
SPRSG25C03,지그재그,,,,25900,25900,,,,
SPRSG25C04,지그재그,387,B,,29900,29900,,,,
SPRWG24G01,지그재그,4,A,,25900,23310,10,V,V,
SPRWG24G02,지그재그,147,A,스타일단독,25900,25900,,,V,V
SPRWG24G03,지그재그,150,A,스타일단독,25900,25900,,,V,
SPRWG25C02,지그재그,211,,,15900,15900,,,,
SPRWG25C05,지그재그,394,,,25900,25900,,,,
SPRWG25C06,지그재그,,,,19900,19900,,,,
SPRWG25C61,지그재그,397,,,25900,25900,,,,
SPRWG25G01,지그재그,7,A,,19900,17910,10,V,V,V
SPRWG25G02,지그재그,306,,,15900,15900,,,V,
SPRWG25G03,지그재그,59,,,25900,23310,10,,V,
SPRWG25G04,지그재그,26,,,25900,23310,10,,V,
SPRWG25G05,지그재그,34,,,25900,23310,10,,V,
SPRWG25G06,지그재그,24,,,25900,23310,10,,V,
SPRWG25G07,지그재그,92,,,25900,23310,10,,V,
SPRWG25G09,지그재그,108,,,19900,19900,,,,
SPRWG25G91,지그재그,,,,29900,29900,,,,
SPRWG25S01,지그재그,,B,,,,,,,
SPRWG25WS1,지그재그,141,A,,25900,25900,,,V,
SPRWG37C10,지그재그,349,,,12900,12900,,,,
SPRWG37G01,지그재그,9,A,,25900,23310,10,V,V,
SPRWG37G02,지그재그,248,,,19900,19900,,,,
SPRWG37G04,지그재그,262,,,19900,19900,,,,
SPRWG37G07,지그재그,128,,,35900,35900,,,,
SPRWG37G33,지그재그,,,,25900,25900,,V,,
SPRWG37G92,지그재그,,,,29900,29900,,,,
SPRWG37WS3,지그재그,162,,,19900,19900,,,V,
SPRWGA9A01,지그재그,191,,,15900,15900,,,V,
SPRWGA9A02,지그재그,163,,,19900,19900,,,V,
SPRWGA9C01,지그재그,224,,,19900,19900,,,,
SPTAG23W01,지그재그,208,A,,39900,29900,25,,V,
SPTAG23W02,지그재그,274,,,39900,39900,,,,
SPTAG23W03,지그재그,,B,,,,,,,
SPTAG23W11,지그재그,178,,,39900,39900,,,V,
SPTAG23W12,지그재그,170,,,39900,39900,,,,
SPTAG25W01,지그재그,107,,,39900,39900,,,V,
SPTAG25W02,지그재그,31,A,,39900,35910,10,,V,
SPTAG25W03,지그재그,136,,,39900,39900,,,,
SPTAG25W04,지그재그,38,A,스타일 단독,49900,44910,10,V,V,V
SPTAG25W11,지그재그,145,B,,39900,39900,,,V,
SPTAG25W12,지그재그,30,,,49900,49900,,,,
SPTAG37W11,지그재그,99,B,,39900,39900,,,V,
SPTAG37W91,지그재그,316,,,39900,39900,,,,
SPTAGA9W11,지그재그,,,,39900,39900,,,,
SPTCG23C03,지그재그,363,,,49900,49900,,,,
SPTCG23CY1,지그재그,,,,49900,49900,,,,
SPTCG23G01,지그재그,56,,,49900,49900,,,V,
SPTCG23G02,지그재그,75,A,,49900,49900,,,V,
SPTCG23G03,지그재그,125,,,49900,49900,,,V,
SPTCG23G04,지그재그,296,,,49900,49900,,,,
SPTCG23G05,지그재그,207,,,49900,49900,,,,
SPTCG24C01,지그재그,188,,,39900,39900,,,,
SPTCG24C02,지그재그,,,,39900,39900,,,,
SPTCG24G91,지그재그,166,,,49900,49900,,,,
SPTCG24G92,지그재그,391,,,59900,29900,50,,,
SPTCG24W91,지그재그,154,,,39900,39900,,,,
SPTCG24W92,지그재그,282,,,39900,19900,50,,,
SPTCG25C03,지그재그,167,,,49900,49900,,,,
SPTCG25C12,지그재그,216,,,39900,39900,,,,
SPTCG25C14,지그재그,275,,,39900,39900,,,,
SPTCG25G01,지그재그,27,,,49900,44910,10,,V,
SPTCG25G02,지그재그,21,A,,49900,44910,10,V,V,V
SPTCG25G03,지그재그,100,,,39900,39900,,,V,
SPTCG25G04,지그재그,98,A,,29900,29900,,,,
SPTCG25G11,지그재그,10,B,챠콜,39900,35910,10,,V,V
SPTCG25G12,지그재그,3,B,,39900,35910,10,,V,
SPTCG25W01,지그재그,,,,49900,49900,,,,
SPTCG37C01,지그재그,352,,,49900,49900,,,,
SPTCG37G90,지그재그,64,,,49900,49900,,,,
SPTCG37G91,지그재그,84,,,49900,49900,,,,
SPTCG37G92,지그재그,,,,39900,39900,,V,,
SPTCGA9C02,지그재그,,,,49900,39900,20,,,
SPTCGA9GS1,지그재그,312,,,39900,39900,,,,
SPTHG23WY1,지그재그,130,B,,39900,39900,,,V,
SPTHG25C21,지그재그,,,,39900,39900,,,,
SPTHG25G01,지그재그,143,,,49900,49900,,,,
SPTHG26C01,지그재그,215,,,49900,49900,,,,
SPTHG26G02,지그재그,221,,,39900,39900,,,,
SPTHG26W01,지그재그,244,,,39900,39900,,,,
SPTHG37C01,지그재그,234,,,29900,29900,,,,
SPTHG37C02,지그재그,220,,,39900,39900,,,,
SPTHG37C11,지그재그,195,,,25900,25900,,,,
SPTHG37G01,지그재그,52,A,,39900,39900,,,V,
SPTHG37G11,지그재그,41,B,,25900,23310,10,V,V,
SPTHG37G12,지그재그,124,,,25900,25900,,,V,
SPTJG23C41,지그재그,308,,,49900,39900,20,,,
SPTJG23C51,지그재그,225,,,49900,49900,,,,
SPTJG23C53,지그재그,,,,49900,49900,,,,
SPTJG23G31,지그재그,127,B,,49900,49900,,,V,
SPTJG23G53,지그재그,309,A,,49900,49900,,,V,
SPTJG23G56,지그재그,214,B,,49900,49900,,,V,
SPTJG23G61,지그재그,,A,,49900,39900,20,,V,
SPTJG24C55,지그재그,217,,,39900,39900,,,,
SPTJG24CS1,지그재그,,,,39900,39900,,,,
SPTJG24G55,지그재그,146,,,39900,39900,,,,
SPTJG25C21,지그재그,,,,49900,49900,,,,
SPTJG25C41,지그재그,199,,,49900,49900,,,,
SPTJG25C51,지그재그,142,,,49900,49900,,,,
SPTJG25C52,지그재그,149,,,49900,49900,,,,
SPTJG25G31,지그재그,14,,,49900,44910,10,V,V,
SPTJG25G32,지그재그,144,,,49900,49900,,,,
SPTJG25G51,지그재그,12,B,,49900,44910,10,V,V,V
SPTJG25G52,지그재그,63,B,,49900,49900,,,,
SPTJG25G61,지그재그,72,B,,49900,49900,,,V,
SPTJG25G71,지그재그,43,,,49900,44910,10,,,
SPTJGA9G51,지그재그,115,,,49900,49900,,,V,
SPTJGA9G52,지그재그,200,,,49900,49900,,,V,
SPTJGA9G61,지그재그,168,,,49900,49900,,,V,
SPTJGA9GS1,지그재그,,,,39900,39900,,,,
SPTNG24C01,지그재그,255,,,29900,29900,,,,
SPTNG24G01,지그재그,303,,,29900,29900,,,,
SPTNG25C02,지그재그,222,,,39900,39900,,,,
SPTNG25G02,지그재그,245,,,39900,39900,,,,
SPTNG37C01,지그재그,116,,,39900,39900,,,,
SPTNG37G01,지그재그,20,A,,39900,35910,10,V,V,V
SPTNG38G01,지그재그,50,B,,39900,35910,10,,V,
SPWHG12W14,지그재그,398,,,49900,49900,,,,
SPWHG23W11,지그재그,230,A,,39900,19900,50,,V,
SPWHG23W12,지그재그,401,B,,49900,24900,50,,,
SPWHG23W13,지그재그,351,B,스타일단독,49900,49900,,,V,
SPWHG23W14,지그재그,323,,,49900,49900,,,,
SPWHG24G92,지그재그,402,,,49900,49900,,,,V
SPWHG24G93,지그재그,294,,,49900,49900,,,,
SPWHG25G01,지그재그,55,B,,39900,39900,,,V,
SPWHG25G11,지그재그,76,B,,39900,39900,,,V,
SPWHG25G91,지그재그,295,,,49900,49900,,,,
SPWHG25W01,지그재그,48,,,49900,49900,,,,
SPWHG25W02,지그재그,106,,,49900,49900,,,,
SPWHG37A99,지그재그,198,,,15900,15900,,,,
SPWHG37G01,지그재그,42,A,BROWN,39900,39900,,,V,V
SPWHG37G02,지그재그,102,B,"IVORY, NAVY",39900,39900,,,V,V
SPWHG37G90,지그재그,356,,,49900,49900,,,,
SPWHG37G91,지그재그,,,,39900,39900,,,,
SPWHG37G93,지그재그,,,,49900,49900,,,,
SPWHG37GY1,지그재그,177,,,39900,39900,,,,
SPWHG37GY2,지그재그,201,,,49900,49900,,,,
SPWHG37GY3,지그재그,118,,,39900,39900,,,,
SPWJG23G01,지그재그,259,,,49900,24900,50,,V,
SPWJG25GY1,지그재그,310,,,39900,39900,,,,
SPWKG37G90,지그재그,315,,,39900,39900,,,,
SPWMG23G01,지그재그,276,,,39900,39900,,,,
SPWPFA9A11,지그재그,268,,,7900,7900,,,,
SPWPFA9A12,지그재그,322,,,12900,12900,,,,
SPWPG37A01,지그재그,148,,,7900,7900,,,V,
SPWPG37A99,지그재그,293,,,12900,12900,,,,
SPWPGA9A11,지그재그,73,,,7900,7900,,,V,
SPWPGA9A12,지그재그,180,,,12900,12900,,,V,
SPWPGA9A20,지그재그,29,,,12900,12900,,,V,
SPWQFA9A20,지그재그,377,,,9900,9900,,,,
SPWQGA9A01,지그재그,80,,,9900,9900,,,V,
SPWQGA9A21,지그재그,138,,,9900,9900,,,V,
SPWRG37A01,지그재그,69,,,25900,25900,,,V,
SPWRGA9A01,지그재그,105,,,12900,12900,,,V,
SPWRGA9A02,지그재그,28,,,19900,19900,,,V,
SPWRGA9A04,지그재그,193,,,19900,19900,,,V,
SPWRGA9A11,지그재그,32,,,19900,19900,,,V,
SPWRGA9A12,지그재그,18,,,25900,25900,,,V,
SPWRGA9A13,지그재그,90,,,25900,25900,,,V,
SPWRGA9A15,지그재그,140,,,25900,25900,,,V,
SPWRGA9A20,지그재그,49,,,19900,19900,,,V,
SPYCG23G05,지그재그,364,,,39900,19900,50,,,
SPYCG25C06,지그재그,112,,,39900,39900,,,,
SPYCG25G51,지그재그,22,,,39900,39900,,,V,
SPYCG37C01,지그재그,68,,,39900,39900,,,,
SPYCG37C98,지그재그,373,,,39900,39900,,,,
SPYCG37W91,지그재그,355,,,49900,49900,,,,
SPYJG23C01,지그재그,365,,,39900,39900,,,,
SPYJG23G01,지그재그,405,,,39900,39900,,,,
SPYJG24C01,지그재그,218,,,39900,39900,,,,
SPYJG24G01,지그재그,86,,,39900,39900,,,,
SPYJG37C01,지그재그,253,,,49900,49900,,,,
SPYJGA9CS1,지그재그,371,,,39900,39900,,,,
SPYSG23C02,지그재그,240,,,39900,39900,,,,
SPYSG23G02,지그재그,264,A,,39900,39900,,,V,
SPYSG23W04,지그재그,,A,스타일단독,39900,39900,,,V,
SPYSG37W91,지그재그,17,,,39900,39900,,,V,
SPYWG23C01,지그재그,184,,,39900,19900,50,,,
SPYWG23C51,지그재그,185,,,39900,19900,50,,,
SPYWG23CY2,지그재그,347,,,39900,39900,,,,
SPYWG23W03,지그재그,,A,,39900,39900,,,V,
SPYWG25C01,지그재그,152,,,39900,39900,,,,
SPYWG25C05,지그재그,,,,39900,39900,,,,
SPYWG25CY2,지그재그,204,,,39900,39900,,,,
SPYWG25G01,지그재그,37,B,,35900,32310,10,,V,
SPYWG25W02,지그재그,131,,,39900,39900,,,,
SPYWG25W03,지그재그,155,A,,39900,39900,,,V,
SPYWG25W04,지그재그,157,,,39900,39900,,,V,
SPYWG25W51,지그재그,314,,,39900,39900,,,,
SPYWG25W92,지그재그,338,,,39900,19900,50,,,
SPYWG37C55,지그재그,246,,,39900,39900,,,,
SPYWG37W01,지그재그,11,,LIGHT BLUE,39900,35910,10,V,V,V
SPYWG37W91,지그재그,176,,,39900,39900,,,,
SPYWGA9G01,지그재그,260,A,,35900,35900,,,V,
힙허거 팬티 세트,지그재그,,,,33800,31000,8,,,
