exec_id,단품코드,채널,전일재고_장,이동IN_장,정상가,실제판매_장,추가판매_장
1,SPBRGA9KG135150,네이버,0,5,15900,0,0
1,SPCKG11KU251140,네이버,0,2,39900,0,0
1,SPCKG24G0259085,네이버,0,2,29900,0,0
1,SPJJG24G0110090,네이버,0,20,49900,7,7
1,SPJJG25C0950110,네이버,0,2,39900,0,0
1,SPJJG25G0151090,네이버,0,6,39900,0,0
1,SPJJG25G0151095,네이버,0,8,39900,0,0
1,SPJJG37C0219105,네이버,0,4,39900,0,0
1,SPKWG24G0133090,네이버,0,8,29900,1,1
1,SPMNG23C6550100,네이버,0,2,49900,0,0
1,SPRWG25C0285105,네이버,0,7,15900,1,1
1,SPRWGA9KU299160,네이버,0,6,19900,0,0
1,SPTCG25G1119070,네이버,17,8,39900,21,4
1,SPTHG37G1119075,네이버,6,8,25900,6,0
1,SPTNG37C0117080,네이버,0,2,39900,0,0
1,SPWHG23W1119070,네이버,0,4,39900,0,0
1,SPWRGA9KG310140,네이버,0,10,15900,2,2
1,SPWRGA9KG310150,네이버,0,6,15900,0,0
1,SPYSG23G0239090,네이버,0,6,39900,0,0
1,SPYSG23G0250090,네이버,0,4,39900,1,1
1,SPYWG37C5551105,네이버,1,3,39900,1,0
1,SPAKGA9KG626999,네이버,0,2,39900,2,2
1,SPCKG12KG159140,네이버,0,1,39900,0,0
1,SPMNG23C6249100,네이버,0,1,49900,0,0
1,SPMNG23C6519105,네이버,0,2,49900,0,0
1,SPMRGA9A1210105,네이버,0,6,15900,5,5
1,SPSMG24KU149130,네이버,0,3,39900,0,0
1,SPYJG23CY119110,네이버,0,2,49900,0,0
1,SPAKGA9KG691999,네이버,0,2,39900,0,0
1,SPJEG23G0255095,네이버,0,2,59900,0,0
1,SPJJG23M0119100,네이버,0,4,69900,0,0
1,SPSMG25KG120110,네이버,0,4,49900,0,0
1,SPSMG25KG120120,네이버,0,6,49900,0,0
1,SPSMG25KG120130,네이버,0,8,49900,1,1
1,SPSMG25KG120150,네이버,0,4,49900,0,0
1,SPSMG25KG151130,네이버,0,4,49900,0,0
1,SPBNG24W9159999,네이버,0,2,29900,0,0
1,SPJEG23C0215105,네이버,0,2,69900,0,0
1,SPPPG25U0125090,네이버,0,8,39900,0,0
1,SPPPG25U0125105,네이버,0,3,39900,0,0
1,SPPPG25U0140090,네이버,0,6,39900,1,1
1,SPPPG25U0151105,네이버,0,6,39900,2,2
1,SPPPG25U0525095,네이버,0,14,39900,0,0
1,SPPPG25U0525100,네이버,0,6,39900,0,0
1,SPPPG25U0550100,네이버,0,6,39900,1,1
1,SPPPG25U0650100,네이버,1,9,39900,8,7
1,SPPPG25U0825100,네이버,0,13,39900,0,0
1,SPPPG25U0930090,네이버,0,3,39900,1,1
1,SPPPG25U0951090,네이버,1,3,39900,1,0
1,SPPPG25U0951100,네이버,1,2,39900,0,0
1,SPPPG25U1010095,네이버,2,8,39900,2,0
1,SPWHG23W1360075,네이버,0,3,49900,0,0
1,SPWHG25G0135075,네이버,0,3,39900,0,0
1,SPPPG25KU125140,네이버,0,3,39900,3,3
1,SPPPG25KU125150,네이버,0,5,39900,2,2
1,SPRLG25U0519090,네이버,0,2,25900,0,0
1,SPSMG24KU135150,네이버,0,2,39900,1,1
1,SPSMG25KG151120,네이버,0,2,49900,0,0
1,SPSMG25KG151140,네이버,0,2,49900,0,0
1,SPAKGA9A7119999,무신사,0,4,39900,0,0
1,SPAKGA9A7349999,무신사,0,5,29900,4,4
1,SPBNG37W0439090,무신사,0,1,39900,0,0
1,SPHWG26C6159105,무신사,1,4,29900,0,0
1,SPJJG23C1115090,무신사,0,4,59900,0,0
1,SPJJG23C1115105,무신사,0,6,59900,0,0
1,SPJJG23CY199090,무신사,0,4,79900,0,0
1,SPJJG23G0119085,무신사,0,2,59900,0,0
1,SPJJG24G0119085,무신사,0,3,49900,2,2
1,SPJJG24M0316095,무신사,0,1,69900,0,0
1,SPJJG24M0316100,무신사,0,1,69900,0,0
1,SPJJG25C0995105,무신사,0,4,39900,4,4
1,SPJJG25C0995115,무신사,0,5,39900,0,0
1,SPJJG25C0999100,무신사,0,1,39900,1,1
1,SPJJG25C0999105,무신사,0,3,39900,0,0
1,SPJJG25GS110100,무신사,0,1,49900,0,0
1,SPJJG26C0159105,무신사,0,1,39900,1,1
1,SPKWG25M0219095,무신사,0,2,39900,1,1
1,SPKWG25M0219100,무신사,0,5,39900,4,4
1,SPKWG25M0219105,무신사,0,5,39900,3,3
1,SPKWG25M0219110,무신사,0,2,39900,1,1
1,SPKWG25M0259100,무신사,0,4,39900,3,3
1,SPKWG25M0259105,무신사,0,2,39900,2,2
1,SPLAG23U0359090,무신사,1,5,39900,0,0
1,SPLSG23C0459090,무신사,1,2,39900,1,0
1,SPMTG26C0219090,무신사,0,3,29900,3,3
1,SPMZG24G0564085,무신사,0,3,39900,0,0
1,SPOWG37G9051085,무신사,0,2,49900,1,1
1,SPOWG37G9051090,무신사,0,1,49900,0,0
1,SPOWG37G9060095,무신사,0,4,49900,0,0
1,SPPPG25U2610090,무신사,0,6,39900,0,0
1,SPPPG25U2610095,무신사,0,6,39900,0,0
1,SPRLG25U1510100,무신사,0,2,25900,1,1
1,SPRLG25U1640090,무신사,0,3,25900,0,0
1,SPRLG25U1640095,무신사,0,4,25900,0,0
1,SPRLG25U1640100,무신사,0,4,25900,0,0
1,SPRLG25U2010090,무신사,0,4,25900,0,0
1,SPRLG25U2010105,무신사,3,7,25900,1,0
1,SPRLG37U1110095,무신사,3,9,35900,0,0
1,SPRLG37U1420095,무신사,15,18,25900,1,0
1,SPRLG37U1499105,무신사,0,4,25900,0,0
1,SPRLG37U4385090,무신사,1,19,29900,1,0
1,SPRNG37GY010095,무신사,1,13,19900,1,0
1,SPRPG25C5010095,무신사,3,6,19900,1,0
1,SPRPG37G5133090,무신사,1,3,25900,0,0
1,SPRPG37G5459070,무신사,0,8,29900,0,0
1,SPRWG37G0259090,무신사,1,6,19900,1,0
1,SPRWG37G0735075,무신사,0,3,35900,0,0
1,SPRWG37G1103090,무신사,2,2,25900,3,1
1,SPTCG23C0160082,무신사,0,3,49900,1,1
1,SPTCG23G0119067,무신사,0,3,49900,0,0
1,SPTCG23G0539067,무신사,0,1,49900,1,1
1,SPTCG37G9119075,무신사,0,5,49900,1,1
1,SPTHG23WY119075,무신사,0,17,39900,2,2
1,SPTHG37G1219075,무신사,4,4,25900,1,0
1,SPTJG37C5259074,무신사,0,3,49900,0,0
1,SPTJG37C5259086,무신사,0,3,49900,1,1
1,SPTJGA9C2119090,무신사,0,1,49900,0,0
1,SPTNG25G0257075,무신사,2,7,39900,1,0
1,SPTNG25G0257080,무신사,1,3,39900,0,0
1,SPTNG37C0159090,무신사,0,2,39900,0,0
1,SPWHG23W1219080,무신사,0,6,49900,0,0
1,SPWHG37GY219070,무신사,0,4,49900,0,0
1,SPYJG24C0155090,무신사,0,3,39900,1,1
1,SPYWG23C0116095,무신사,0,4,39900,0,0
1,SPYWG23C0125105,무신사,0,2,39900,1,1
1,SPYWG25G0110090,무신사,0,3,35900,1,1
1,SPYWG25G0110095,무신사,0,4,35900,2,2
1,SPYWG25G0151085,무신사,1,14,35900,2,1
1,SPYWG25G0151090,무신사,0,8,35900,1,1
1,SPYWG25G0159090,무신사,0,4,35900,1,1
1,SPYWG25M0410105,무신사,0,7,39900,5,5
1,SPACGA9A5159999,무신사,0,3,25900,1,1
1,SPAYGA9A1319100,무신사,6,5,15900,1,0
1,SPBWG37W0219090,무신사,0,2,49900,0,0
1,SPBWG37W0264090,무신사,0,4,49900,0,0
1,SPJJG23C1150090,무신사,1,7,59900,0,0
1,SPJJG23C1150095,무신사,0,4,59900,1,1
1,SPJJG23C1150100,무신사,0,4,59900,0,0
1,SPJJG26C0195100,무신사,0,4,39900,2,2
1,SPMZG23G5051095,무신사,0,2,49900,0,0
1,SPPJGA9A0219260,무신사,2,5,12900,3,1
1,SPRNG37GY010090,무신사,2,14,19900,4,2
1,SPRPG24G7010095,무신사,0,4,19900,0,0
1,SPRPG25C5059095,무신사,0,5,19900,1,1
1,SPRPG25C5062105,무신사,0,6,19900,0,0
1,SPRPGA9C7099095,무신사,7,4,29900,1,0
1,SPTHG26C0115075,무신사,0,3,49900,1,1
1,SPWHG37G1139075,무신사,3,5,39900,0,0
1,SPYWG25M0410100,무신사,0,6,39900,6,6
1,SPYWG25M0410110,무신사,1,4,39900,3,2
1,SPAWG11U0199999,무신사,0,22,29900,0,0
1,SPJJG23C0350110,무신사,0,6,69900,0,0
1,SPJJG23G0110095,무신사,0,2,59900,0,0
1,SPJJG23G0119090,무신사,0,3,59900,2,2
1,SPMNG23U0159095,무신사,1,3,49900,0,0
1,SPMRGA9A1235095,무신사,2,5,15900,0,0
1,SPMZG23G5064090,무신사,0,6,49900,1,1
1,SPJJG23C0319105,무신사,0,4,69900,4,4
1,SPJJG37GY125090,무신사,0,8,49900,0,0
1,SPKWG24G0233095,무신사,1,6,35900,1,0
1,SPLOG37G0119095,무신사,0,2,35900,0,0
1,SPOWG37G9010095,무신사,0,1,49900,0,0
1,SPOWG37G9051095,무신사,0,1,49900,0,0
1,SPPPG25U0140100,무신사,0,7,39900,2,2
1,SPPPG25U0140105,무신사,0,7,39900,0,0
1,SPPPG25U0140110,무신사,0,7,39900,3,3
1,SPPPG25U0640100,무신사,0,4,39900,1,1
1,SPPPG25U0925095,무신사,0,6,39900,1,1
1,SPPPG25U0925100,무신사,0,4,39900,0,0
1,SPWHG23W1360080,무신사,0,6,49900,0,0
1,SPWHG37GY219075,무신사,0,3,49900,0,0
1,SPWHG37GY319070,무신사,0,6,39900,0,0
1,SPWHG37GY319075,무신사,0,4,39900,0,0
1,SPWPGA9A1131095,무신사,0,12,7900,0,0
1,SPWPGA9A2019085,무신사,1,11,12900,0,0
1,SPWRGA9A1151100,무신사,0,9,19900,0,0
1,SPYCG23G0585095,무신사,1,2,39900,2,1
1,SPYCG37W9110999,무신사,0,2,49900,0,0
1,SPYCG37W9151999,무신사,0,1,49900,0,0
1,SPYWG37W9110999,무신사,0,2,39900,0,0
1,SPPPG23U0785070,무신사,0,5,29900,5,5
1,SPRLG25U0430090,무신사,9,4,25900,4,0
1,SPRLG25U0430095,무신사,13,6,25900,4,0
1,SPRLG25U0430100,무신사,0,6,25900,3,3
1,SPRLG25U0430105,무신사,0,3,25900,2,2
1,SPRLG25U0450105,무신사,2,4,25900,1,0
1,SPACG24A5060999,이랜드몰,0,14,25900,2,2
1,SPACG24A5119999,이랜드몰,0,3,19900,0,0
1,SPACGA9A5035999,이랜드몰,0,3,19900,0,0
1,SPAKG24A0239999,이랜드몰,0,6,25900,0,0
1,SPAKGA9A8019999,이랜드몰,0,4,39900,0,0
1,SPAKGA9A8164999,이랜드몰,0,2,49900,0,0
1,SPAYG25A0119090,이랜드몰,0,34,2900,0,0
1,SPAYGA9A0310095,이랜드몰,0,24,9900,0,0
1,SPAYGA9KU010140,이랜드몰,3,22,9900,2,0
1,SPBNG37W0250085,이랜드몰,0,1,39900,1,1
1,SPBNG37W0439085,이랜드몰,0,1,39900,0,0
1,SPBNG38W9319085,이랜드몰,0,11,39900,1,1
1,SPBNG38W9519095,이랜드몰,0,1,39900,0,0
1,SPBWG25W0119085,이랜드몰,0,5,39900,2,2
1,SPBWG25W0210085,이랜드몰,0,2,39900,0,0
1,SPBWG37W0110095,이랜드몰,0,1,39900,1,1
1,SPBWG37W1151085,이랜드몰,0,2,39900,0,0
1,SPCKG12G5139095,이랜드몰,5,4,49900,7,2
1,SPCKG24G0126090,이랜드몰,0,2,29900,0,0
1,SPCKG24G0141095,이랜드몰,0,3,29900,0,0
1,SPCKG24G0220095,이랜드몰,0,2,29900,2,2
1,SPCKG24G0279090,이랜드몰,0,2,29900,0,0
1,SPCKG24G0279095,이랜드몰,0,4,29900,0,0
1,SPCKG24G0285090,이랜드몰,0,2,29900,0,0
1,SPCKG24G0285095,이랜드몰,0,4,29900,0,0
1,SPCKG25G0159100,이랜드몰,0,5,35900,0,0
1,SPCKG25G5016085,이랜드몰,0,4,39900,0,0
1,SPCKG25G5016090,이랜드몰,0,4,39900,0,0
1,SPCKG25G5026095,이랜드몰,0,4,39900,0,0
1,SPCKG25G5059085,이랜드몰,0,4,39900,0,0
1,SPCKG25G5059090,이랜드몰,0,6,39900,0,0
1,SPCKG25G5095085,이랜드몰,0,2,39900,0,0
1,SPCKG25G5095090,이랜드몰,0,6,39900,0,0
1,SPCKG25G5095095,이랜드몰,0,11,39900,0,0
1,SPCKG25M0119105,이랜드몰,0,1,49900,0,0
1,SPCKG37G0139095,이랜드몰,0,3,29900,2,2
1,SPCKG37G0151090,이랜드몰,0,3,29900,0,0
1,SPCKG37G0176090,이랜드몰,0,2,29900,1,1
1,SPCKG37G0231085,이랜드몰,0,3,29900,0,0
1,SPCKG37G0231090,이랜드몰,0,3,29900,0,0
1,SPCKG37G0231095,이랜드몰,0,3,29900,0,0
1,SPCKG37WS333090,이랜드몰,0,5,39900,0,0
1,SPDRGA9M0110110,이랜드몰,0,3,29900,1,1
1,SPFZG11C0122090,이랜드몰,0,2,29900,0,0
1,SPHWG25C5350090,이랜드몰,0,12,29900,0,0
1,SPHWG25G5026085,이랜드몰,0,19,29900,4,4
1,SPHWG25G5026090,이랜드몰,0,4,29900,2,2
1,SPJJG23M0649095,이랜드몰,0,2,79900,0,0
1,SPJJG24G0110085,이랜드몰,0,4,49900,4,4
1,SPJJG24M0122100,이랜드몰,0,2,79900,0,0
1,SPJJG24M0122110,이랜드몰,0,2,79900,0,0
1,SPJJG24M0158100,이랜드몰,0,2,79900,0,0
1,SPJJG24M0158110,이랜드몰,0,3,79900,0,0
1,SPJJG24M0235105,이랜드몰,0,1,79900,0,0
1,SPJJG24M0259100,이랜드몰,0,1,79900,0,0
1,SPJJG25C0916115,이랜드몰,0,3,39900,0,0
1,SPJJG25C0959115,이랜드몰,0,2,39900,1,1
1,SPJJG25G0110085,이랜드몰,0,8,39900,6,6
1,SPJJG25G0110100,이랜드몰,0,10,39900,0,0
1,SPJJG25GS110095,이랜드몰,0,2,49900,0,0
1,SPJJG26G0115085,이랜드몰,0,1,39900,0,0
1,SPJJG26G0115090,이랜드몰,0,1,39900,0,0
1,SPJJG26G0119085,이랜드몰,0,7,39900,0,0
1,SPJJG37C0210095,이랜드몰,0,1,39900,1,1
1,SPJJG37C0210100,이랜드몰,0,2,39900,0,0
1,SPJJG37C0210105,이랜드몰,0,2,39900,1,1
1,SPJJG37C0260105,이랜드몰,0,2,39900,1,1
1,SPJJG37G0119085,이랜드몰,0,14,39900,0,0
1,SPJJG37G0119090,이랜드몰,0,18,39900,3,3
1,SPJJG37G0210095,이랜드몰,0,22,39900,3,3
1,SPJKG24M2317100,이랜드몰,0,4,79900,0,0
1,SPJKG24M2317105,이랜드몰,0,4,79900,0,0
1,SPJKG25W0135085,이랜드몰,0,3,69900,0,0
1,SPJKG25W0139090,이랜드몰,0,3,69900,0,0
1,SPJKGA9M0219095,이랜드몰,0,2,79900,1,1
1,SPJKGA9M0260105,이랜드몰,0,2,79900,0,0
1,SPJKGA9M23TC110,이랜드몰,0,1,79900,0,0
1,SPJKGA9W0119085,이랜드몰,0,2,79900,0,0
1,SPJKGA9W0217085,이랜드몰,0,2,79900,0,0
1,SPJLG12M0164095,이랜드몰,0,2,89900,0,0
1,SPJPG11C1119095,이랜드몰,0,12,69900,9,9
1,SPJPG11C2216100,이랜드몰,1,2,49900,2,1
1,SPJPG11C2219090,이랜드몰,4,4,49900,8,4
1,SPJPG11C2219095,이랜드몰,0,6,49900,6,6
1,SPJPG11C2219100,이랜드몰,0,11,49900,11,11
1,SPJPG11C2219105,이랜드몰,0,13,49900,13,13
1,SPJPG11C2219110,이랜드몰,1,14,49900,14,13
1,SPJPG11C24PB110,이랜드몰,0,4,59900,4,4
1,SPJPG11C31B2095,이랜드몰,0,1,79900,0,0
1,SPJPG11G1639085,이랜드몰,20,3,89900,6,0
1,SPJPG11G1651085,이랜드몰,0,3,89900,3,3
1,SPJPG12CY150100,이랜드몰,0,2,69900,0,0
1,SPJPG12CY150105,이랜드몰,0,2,69900,0,0
1,SPJPG12CY159090,이랜드몰,0,3,69900,0,0
1,SPJPG12G2226085,이랜드몰,0,3,29900,1,1
1,SPJWG11M0119100,이랜드몰,0,1,129000,0,0
1,SPJWG11W0119090,이랜드몰,0,3,129000,0,0
1,SPKAG23W0279090,이랜드몰,0,4,29900,0,0
1,SPKAG23W0279095,이랜드몰,0,4,29900,0,0
1,SPKWG12C5085095,이랜드몰,8,2,49900,10,2
1,SPKWG12G5059085,이랜드몰,0,3,39900,0,0
1,SPKWG23G0319090,이랜드몰,0,2,39900,0,0
1,SPKWG24G0219090,이랜드몰,0,4,35900,2,2
1,SPKWG24G0239085,이랜드몰,0,6,35900,2,2
1,SPKWG25M0116105,이랜드몰,0,5,39900,1,1
1,SPKWG25M0264100,이랜드몰,0,4,39900,1,1
1,SPKWG25M0264110,이랜드몰,0,2,39900,0,0
1,SPKWG25M0286110,이랜드몰,0,2,39900,0,0
1,SPKWG25M0459110,이랜드몰,0,4,39900,0,0
1,SPKWG37M0419100,이랜드몰,0,2,39900,0,0
1,SPKWG38G0159100,이랜드몰,0,3,29900,0,0
1,SPLOG37A0259095,이랜드몰,0,3,39900,0,0
1,SPLOG37A0264095,이랜드몰,0,5,39900,0,0
1,SPLOG37A0451100,이랜드몰,0,4,39900,0,0
1,SPLOG37A0551100,이랜드몰,0,2,39900,0,0
1,SPLOG37A0559095,이랜드몰,0,2,39900,0,0
1,SPLOG37A0559100,이랜드몰,0,2,39900,0,0
1,SPLOG37A0559105,이랜드몰,0,2,39900,2,2
1,SPLOG37A20BD085,이랜드몰,0,2,29900,0,0
1,SPLOG37A20BD090,이랜드몰,0,3,29900,0,0
1,SPLOG37A20BE085,이랜드몰,0,2,29900,1,1
1,SPLOG37A20BE090,이랜드몰,0,4,29900,0,0
1,SPLOG37A98AC090,이랜드몰,0,4,29900,0,0
1,SPLWG12GY059090,이랜드몰,0,3,49900,0,0
1,SPLWG23C0239095,이랜드몰,0,2,35900,0,0
1,SPLWG23C0260105,이랜드몰,0,2,35900,0,0
1,SPMNG12C5085090,이랜드몰,0,2,39900,2,2
1,SPMTG25C6119070,이랜드몰,0,4,29900,1,1
1,SPMTG25C61AA070,이랜드몰,0,4,29900,1,1
1,SPMTG25C61AA075,이랜드몰,0,6,29900,1,1
1,SPMTG26C02AA070,이랜드몰,0,4,29900,0,0
1,SPMTG26C02AA075,이랜드몰,0,3,29900,0,0
1,SPMTG37C1119090,이랜드몰,0,4,29900,0,0
1,SPMZG11C6033095,이랜드몰,2,4,49900,0,0
1,SPMZG37G02AC085,이랜드몰,0,12,39900,1,1
1,SPMZG37G02AC090,이랜드몰,0,7,39900,0,0
1,SPOWG37G9060090,이랜드몰,0,1,49900,0,0
1,SPOWG37G9110085,이랜드몰,0,7,59900,1,1
1,SPOWG37W0117090,이랜드몰,0,6,49900,0,0
1,SPPPG23U0530090,이랜드몰,0,4,39900,0,0
1,SPPPG23U0530105,이랜드몰,0,6,39900,0,0
1,SPPPG23U0850100,이랜드몰,0,3,39900,0,0
1,SPPPG25U0476090,이랜드몰,0,14,39900,1,1
1,SPPPG25U0476100,이랜드몰,0,12,39900,0,0
1,SPPPG37U0151090,이랜드몰,0,5,39900,0,0
1,SPPPG37U0330090,이랜드몰,0,6,39900,1,1
1,SPPPG37U0330095,이랜드몰,0,8,39900,1,1
1,SPPPG37U0330100,이랜드몰,0,8,39900,0,0
1,SPPPG37U2430095,이랜드몰,0,4,39900,0,0
1,SPRLG23U0259100,이랜드몰,0,8,35900,0,0
1,SPRLG23U0259105,이랜드몰,0,4,35900,0,0
1,SPRLG37U4099090,이랜드몰,0,6,35900,0,0
1,SPRLG37U4099095,이랜드몰,0,7,35900,1,1
1,SPRNG37G0119090,이랜드몰,0,6,19900,0,0
1,SPRNG37G0133085,이랜드몰,0,3,19900,0,0
1,SPRNG37G0133095,이랜드몰,0,6,19900,0,0
1,SPRNG37G0139090,이랜드몰,0,6,19900,0,0
1,SPRNG37G01CB085,이랜드몰,0,5,19900,0,0
1,SPRNG37G03AC090,이랜드몰,0,7,19900,0,0
1,SPRNG37G03AC095,이랜드몰,0,7,19900,0,0
1,SPRNG37G0519095,이랜드몰,0,3,19900,0,0
1,SPRNG37G2219085,이랜드몰,0,7,19900,1,1
1,SPRNG37G8019085,이랜드몰,0,5,29900,1,1
1,SPRNG37G8019090,이랜드몰,0,3,29900,0,0
1,SPRNG37G9710090,이랜드몰,0,3,19900,0,0
1,SPRNG37G9719090,이랜드몰,0,3,19900,0,0
1,SPRPG24G5159085,이랜드몰,0,5,19900,0,0
1,SPRPG24G5160085,이랜드몰,0,15,19900,1,1
1,SPRPG25C50AA105,이랜드몰,0,4,19900,0,0
1,SPRPG25C5119110,이랜드몰,0,8,25900,0,0
1,SPRPG25G5026085,이랜드몰,0,7,29900,0,0
1,SPRPG25G5210085,이랜드몰,0,5,25900,0,0
1,SPRPG25G5210090,이랜드몰,0,5,25900,0,0
1,SPRPG25G5259095,이랜드몰,0,4,25900,0,0
1,SPRPG26C6110095,이랜드몰,0,2,25900,0,0
1,SPRPG26C6159095,이랜드몰,0,2,25900,2,2
1,SPRPG26C6159100,이랜드몰,0,2,25900,1,1
1,SPRPG26C6159105,이랜드몰,0,2,25900,0,0
1,SPRPG26C6164105,이랜드몰,0,3,25900,0,0
1,SPRPG26C6185095,이랜드몰,0,2,25900,0,0
1,SPRPG26C6185105,이랜드몰,0,2,25900,0,0
1,SPRPG37C5110090,이랜드몰,0,2,25900,0,0
1,SPRPG37C5110095,이랜드몰,0,4,25900,0,0
1,SPRPG37C5110100,이랜드몰,0,3,25900,0,0
1,SPRPG37C5110105,이랜드몰,0,2,25900,0,0
1,SPRPG37C5119090,이랜드몰,0,2,25900,0,0
1,SPRPG37C6160100,이랜드몰,0,2,29900,0,0
1,SPRPG37G3310085,이랜드몰,0,4,19900,0,0
1,SPRPG37G3339085,이랜드몰,0,4,19900,0,0
1,SPRPG37G5110085,이랜드몰,0,6,25900,0,0
1,SPRPG37G5110090,이랜드몰,0,4,25900,0,0
1,SPRPG37G5110095,이랜드몰,0,6,25900,0,0
1,SPRPG37G5133095,이랜드몰,0,4,25900,0,0
1,SPRPG37G51AA090,이랜드몰,0,3,25900,0,0
1,SPRPG37G5229090,이랜드몰,0,6,19900,0,0
1,SPRPG37G5229095,이랜드몰,0,4,19900,0,0
1,SPRPG37G5259090,이랜드몰,0,4,19900,0,0
1,SPRPG37G5315085,이랜드몰,0,4,19900,0,0
1,SPRPG37G54AC070,이랜드몰,0,7,29900,0,0
1,SPRPGA9C73AA100,이랜드몰,0,3,19900,2,2
1,SPRSG24G0130085,이랜드몰,0,13,25900,1,1
1,SPRSG24G0130095,이랜드몰,0,12,25900,0,0
1,SPRSG25C0415095,이랜드몰,0,18,29900,0,0
1,SPRSG25M0119100,이랜드몰,0,14,29900,0,0
1,SPRSG25M01AC090,이랜드몰,0,6,29900,0,0
1,SPRWG25C0210090,이랜드몰,0,10,15900,1,1
1,SPRWG25C0210095,이랜드몰,0,15,15900,1,1
1,SPRWG25C0219105,이랜드몰,1,13,15900,0,0
1,SPRWG25C02AD090,이랜드몰,0,6,15900,1,1
1,SPRWG25C02AD095,이랜드몰,0,8,15900,0,0
1,SPRWG25C02AD100,이랜드몰,0,13,15900,0,0
1,SPRWG25G0360085,이랜드몰,0,2,25900,1,1
1,SPRWG25G0785085,이랜드몰,0,2,25900,0,0
1,SPRWG37C0259095,이랜드몰,0,3,25900,0,0
1,SPRWG37G0135085,이랜드몰,0,4,25900,0,0
1,SPRWG37G0135090,이랜드몰,0,10,25900,0,0
1,SPRWG37G0139085,이랜드몰,0,8,25900,0,0
1,SPRWG37G0185090,이랜드몰,0,3,25900,0,0
1,SPRWG37G0259095,이랜드몰,0,4,19900,0,0
1,SPRWG37G0735070,이랜드몰,0,2,35900,0,0
1,SPRWG37G1129085,이랜드몰,0,4,25900,2,2
1,SPRWG37G1129090,이랜드몰,0,6,25900,1,1
1,SPRWG37G1139085,이랜드몰,0,7,25900,1,1
1,SPRWG37G1139090,이랜드몰,0,6,25900,0,0
1,SPRWG37G1139095,이랜드몰,0,8,25900,0,0
1,SPRWG37G1159085,이랜드몰,0,5,25900,0,0
1,SPRWG37G1159090,이랜드몰,0,9,25900,1,1
1,SPRWG37G1159095,이랜드몰,0,11,25900,1,1
1,SPRWG37G11AC085,이랜드몰,0,7,25900,2,2
1,SPRWG37G11AC090,이랜드몰,0,10,25900,0,0
1,SPRWG37G11AC095,이랜드몰,0,11,25900,3,3
1,SPRWG37G1210090,이랜드몰,0,17,19900,1,1
1,SPRWG37G1210095,이랜드몰,0,9,19900,0,0
1,SPRWG37G1210100,이랜드몰,0,10,19900,0,0
1,SPRWG37G1259100,이랜드몰,0,3,19900,0,0
1,SPRWG37G1299095,이랜드몰,0,3,19900,0,0
1,SPRWG37G3060085,이랜드몰,0,3,25900,1,1
1,SPRWG37G3060090,이랜드몰,0,3,25900,0,0
1,SPRWG37G3060095,이랜드몰,0,3,25900,3,3
1,SPRWG37G3219085,이랜드몰,0,4,25900,1,1
1,SPRWG37G3219090,이랜드몰,0,3,25900,1,1
1,SPRWG37G3264085,이랜드몰,0,2,25900,0,0
1,SPRWG37WS310085,이랜드몰,0,8,19900,0,0
1,SPRWGA9KU210160,이랜드몰,0,6,19900,1,1
1,SPTAG23W1260075,이랜드몰,0,2,39900,0,0
1,SPTAG25W04AC080,이랜드몰,0,2,49900,1,1
1,SPTAG25W1133080,이랜드몰,0,9,39900,0,0
1,SPTAG25W1203070,이랜드몰,0,2,49900,1,1
1,SPTAG25W1203075,이랜드몰,0,2,49900,0,0
1,SPTAG25W1203080,이랜드몰,0,2,49900,0,0
1,SPTAG25W1259070,이랜드몰,0,1,49900,1,1
1,SPTAG25W1259075,이랜드몰,0,1,49900,0,0
1,SPTAG25W1259080,이랜드몰,0,1,49900,0,0
1,SPTAG37W9119999,이랜드몰,0,2,39900,0,0
1,SPTAG38M1219085,이랜드몰,0,3,39900,1,1
1,SPTCG23CY164082,이랜드몰,0,6,49900,0,0
1,SPTCG23G0519070,이랜드몰,0,1,49900,1,1
1,SPTCG24C0119075,이랜드몰,0,3,39900,0,0
1,SPTCG24G9115070,이랜드몰,0,1,49900,0,0
1,SPTCG24G9119070,이랜드몰,0,5,49900,0,0
1,SPTCG24W9135075,이랜드몰,0,4,39900,0,0
1,SPTCG24W9159070,이랜드몰,0,4,39900,0,0
1,SPTCG25C0319082,이랜드몰,0,4,49900,0,0
1,SPTCG25G0215073,이랜드몰,0,1,49900,0,0
1,SPTCG25G0235073,이랜드몰,0,2,49900,0,0
1,SPTCG25G1125070,이랜드몰,0,5,39900,1,1
1,SPTCG25G1125075,이랜드몰,0,5,39900,0,0
1,SPTCG25G1219065,이랜드몰,0,4,39900,3,3
1,SPTCG25G1219075,이랜드몰,0,4,39900,4,4
1,SPTCG25G1219080,이랜드몰,0,6,39900,2,2
1,SPTCG25W0135073,이랜드몰,0,2,49900,0,0
1,SPTCG37C0303078,이랜드몰,0,6,49900,0,0
1,SPTCG37C0319078,이랜드몰,0,6,49900,0,0
1,SPTCG37G1110065,이랜드몰,0,2,39900,1,1
1,SPTCG37G1110070,이랜드몰,0,2,39900,2,2
1,SPTCG37G9010070,이랜드몰,0,2,49900,0,0
1,SPTCG37G9110070,이랜드몰,0,4,49900,2,2
1,SPTCGA9C0236078,이랜드몰,0,2,49900,0,0
1,SPTCGA9C0236082,이랜드몰,1,3,49900,0,0
1,SPTHG23WY160080,이랜드몰,0,5,39900,0,0
1,SPTHG25G0119070,이랜드몰,0,1,49900,0,0
1,SPTHG25G0119075,이랜드몰,0,1,49900,1,1
1,SPTHG25G0119080,이랜드몰,0,1,49900,0,0
1,SPTHG25G0139070,이랜드몰,0,3,49900,0,0
1,SPTHG25G0139075,이랜드몰,0,1,49900,0,0
1,SPTHG25G0139080,이랜드몰,0,1,49900,0,0
1,SPTHG25M1152105,이랜드몰,0,3,39900,0,0
1,SPTHG26C0119090,이랜드몰,0,7,49900,0,0
1,SPTHG26C0135090,이랜드몰,0,4,49900,0,0
1,SPTHG26W0135075,이랜드몰,0,7,39900,2,2
1,SPTHG37C0119095,이랜드몰,0,7,29900,0,0
1,SPTHG37C0219080,이랜드몰,0,5,39900,0,0
1,SPTHG37C1119085,이랜드몰,0,4,25900,0,0
1,SPTHG37C1119095,이랜드몰,0,4,25900,0,0
1,SPTHG37G0135085,이랜드몰,0,2,39900,0,0
1,SPTHG37G1110070,이랜드몰,0,16,25900,0,0
1,SPTHG37G1119070,이랜드몰,0,5,25900,0,0
1,SPTJG23C4117078,이랜드몰,0,6,49900,0,0
1,SPTJG23C5415078,이랜드몰,0,1,49900,0,0
1,SPTJG23G3156067,이랜드몰,0,10,49900,0,0
1,SPTJG23G3157078,이랜드몰,0,4,49900,0,0
1,SPTJG23G3159067,이랜드몰,0,4,49900,0,0
1,SPTJG23G31BC064,이랜드몰,0,1,49900,0,0
1,SPTJG23G31BC067,이랜드몰,0,6,49900,0,0
1,SPTJG24C5555075,이랜드몰,0,5,39900,1,1
1,SPTJG24C5555090,이랜드몰,0,4,39900,1,1
1,SPTJG24G5557080,이랜드몰,0,5,39900,0,0
1,SPTJG25C2157074,이랜드몰,0,3,49900,0,0
1,SPTJG25C5110074,이랜드몰,0,1,49900,1,1
1,SPTJG25C5117082,이랜드몰,0,10,49900,3,3
1,SPTJG25C5117084,이랜드몰,0,3,49900,0,0
1,SPTJG25C5155078,이랜드몰,0,3,49900,2,2
1,SPTJG25C5155080,이랜드몰,0,4,49900,0,0
1,SPTJG25C5155082,이랜드몰,0,10,49900,2,2
1,SPTJG25C5155084,이랜드몰,0,4,49900,1,1
1,SPTJG25C5155090,이랜드몰,0,3,49900,0,0
1,SPTJG25C5159074,이랜드몰,0,8,49900,0,0
1,SPTJG25C5159082,이랜드몰,0,4,49900,2,2
1,SPTJG25C5217082,이랜드몰,0,11,49900,0,0
1,SPTJG25C5255078,이랜드몰,0,10,49900,1,1
1,SPTJG25C5256078,이랜드몰,0,4,49900,3,3
1,SPTJG25C5256082,이랜드몰,0,8,49900,0,0
1,SPTJG25G3110061,이랜드몰,0,4,49900,0,0
1,SPTJG25G3110073,이랜드몰,0,6,49900,0,0
1,SPTJG25G3155061,이랜드몰,0,4,49900,0,0
1,SPTJG25G3156061,이랜드몰,0,1,49900,0,0
1,SPTJG25G5115067,이랜드몰,0,1,49900,0,0
1,SPTJG25G5115078,이랜드몰,0,1,49900,0,0
1,SPTJG25G5155064,이랜드몰,0,2,49900,1,1
1,SPTJG25G5155073,이랜드몰,0,1,49900,0,0
1,SPTJG25G51VI061,이랜드몰,0,1,49900,0,0
1,SPTJG25G51VI064,이랜드몰,0,4,49900,1,1
1,SPTJG25G5217064,이랜드몰,0,8,49900,0,0
1,SPTJG25G5217067,이랜드몰,0,5,49900,1,1
1,SPTJG25G5217070,이랜드몰,0,4,49900,0,0
1,SPTJG25G5217073,이랜드몰,0,5,49900,0,0
1,SPTJG25G5255064,이랜드몰,0,5,49900,0,0
1,SPTJG25G5255067,이랜드몰,0,4,49900,0,0
1,SPTJG25G5255070,이랜드몰,0,2,49900,1,1
1,SPTJG25G5255073,이랜드몰,0,3,49900,0,0
1,SPTJG25G5256067,이랜드몰,0,3,49900,2,2
1,SPTJG25G5256070,이랜드몰,0,7,49900,1,1
1,SPTJG25G5256073,이랜드몰,0,4,49900,2,2
1,SPTJG37C5259078,이랜드몰,0,1,49900,1,1
1,SPTJG37C52VI074,이랜드몰,0,2,49900,2,2
1,SPTJG37G52VI064,이랜드몰,0,3,49900,0,0
1,SPTJG37G52VI075,이랜드몰,0,1,49900,1,1
1,SPTJGA9C2119080,이랜드몰,0,3,49900,0,0
1,SPTJGA9C2157090,이랜드몰,0,2,49900,0,0
1,SPTJGA9C2159078,이랜드몰,0,1,49900,0,0
1,SPTNG25G0256070,이랜드몰,0,4,39900,0,0
1,SPTNG37C0155085,이랜드몰,0,3,39900,0,0
1,SPTNG37C0156075,이랜드몰,0,5,39900,0,0
1,SPTNG37G0155065,이랜드몰,0,3,39900,0,0
1,SPTNG37G0155075,이랜드몰,0,3,39900,1,1
1,SPTNG37G0155080,이랜드몰,0,10,39900,1,1
1,SPTNG37G0156070,이랜드몰,0,3,39900,0,0
1,SPTNG37G0156075,이랜드몰,0,6,39900,4,4
1,SPTNG37G0157065,이랜드몰,0,4,39900,0,0
1,SPTNG37G0157070,이랜드몰,0,9,39900,0,0
1,SPTNG37G0157075,이랜드몰,0,4,39900,1,1
1,SPTNG38G0110065,이랜드몰,0,2,39900,0,0
1,SPTNG38G0155065,이랜드몰,0,3,39900,0,0
1,SPTNG38G0155070,이랜드몰,0,4,39900,0,0
1,SPTNG38G0156070,이랜드몰,0,9,39900,0,0
1,SPTNG38G0156075,이랜드몰,0,3,39900,0,0
1,SPTRGA9A2017095,이랜드몰,0,16,12900,5,5
1,SPTRGA9A2017100,이랜드몰,0,52,12900,5,5
1,SPTRGA9A2017105,이랜드몰,0,70,12900,4,4
1,SPTRGA9A2017110,이랜드몰,0,17,12900,4,4
1,SPTRGA9A2019090,이랜드몰,0,18,12900,2,2
1,SPTRGA9A2019095,이랜드몰,0,18,12900,6,6
1,SPTRGA9A2019100,이랜드몰,0,68,12900,4,4
1,SPTRGA9A2019105,이랜드몰,0,82,12900,5,5
1,SPTRGA9A2019110,이랜드몰,0,30,12900,1,1
1,SPTRGA9KU219130,이랜드몰,0,5,9900,2,2
1,SPTRGA9KU219150,이랜드몰,0,7,9900,0,0
1,SPTRGA9KU219160,이랜드몰,0,29,9900,6,6
1,SPTRGA9KU259140,이랜드몰,4,12,9900,2,0
1,SPTRGA9KU499130,이랜드몰,20,19,25900,1,0
1,SPTRGA9KU499140,이랜드몰,20,16,25900,2,0
1,SPTRGA9KU599160,이랜드몰,0,31,9900,4,4
1,SPWHG25G1110075,이랜드몰,0,7,39900,0,0
1,SPWHG37A9910999,이랜드몰,0,10,15900,1,1
1,SPWJG23G0117070,이랜드몰,0,1,49900,0,0
1,SPWJG23G0159070,이랜드몰,0,3,49900,0,0
1,SPWJG25GY117070,이랜드몰,0,3,39900,0,0
1,SPWJG25GY157075,이랜드몰,0,2,39900,0,0
1,SPWPGA9KG499140,이랜드몰,14,20,25900,3,0
1,SPWQGA9A2119090,이랜드몰,0,11,9900,10,10
1,SPWQGA9A2119095,이랜드몰,0,18,9900,14,14
1,SPWQGA9A2159085,이랜드몰,0,6,9900,0,0
1,SPWQGA9A2159095,이랜드몰,1,9,9900,8,7
1,SPWQGA9A21AC090,이랜드몰,0,18,9900,5,5
1,SPWQGA9A21AC095,이랜드몰,2,16,9900,7,5
1,SPWRGA9A1319085,이랜드몰,0,8,25900,1,1
1,SPWRGA9A13S1085,이랜드몰,0,31,25900,6,6
1,SPWRGA9A13S1095,이랜드몰,0,2,25900,2,2
1,SPWRGA9A1531090,이랜드몰,0,5,25900,3,3
1,SPWRGA9A2010085,이랜드몰,0,40,19900,10,10
1,SPWRGA9A2010090,이랜드몰,0,34,19900,8,8
1,SPWRGA9A2031090,이랜드몰,0,5,19900,0,0
1,SPWRGA9A2031095,이랜드몰,0,5,19900,0,0
1,SPWRGA9A2084090,이랜드몰,0,5,19900,1,1
1,SPWRGA9A20AC090,이랜드몰,0,8,19900,4,4
1,SPYCG23G0559085,이랜드몰,0,5,39900,1,1
1,SPYCG37C0159090,이랜드몰,0,4,39900,0,0
1,SPYCG37C0160095,이랜드몰,0,2,39900,2,2
1,SPYCG37C9919105,이랜드몰,0,2,39900,0,0
1,SPYCG37G5151085,이랜드몰,0,3,39900,1,1
1,SPYJG23CY2VI095,이랜드몰,0,4,39900,0,0
1,SPYJG23G0157090,이랜드몰,1,5,39900,0,0
1,SPYSG23C0259095,이랜드몰,0,4,39900,0,0
1,SPYSG23G0250085,이랜드몰,0,8,39900,0,0
1,SPYWG25CY210100,이랜드몰,0,4,39900,0,0
1,SPYWG25M1119100,이랜드몰,0,3,49900,0,0
1,SPYWG25M1152105,이랜드몰,0,4,49900,0,0
1,SPYWG25M1185100,이랜드몰,0,4,49900,0,0
1,SPYWG25W0236085,이랜드몰,0,2,39900,2,2
1,SPYWG25W0236090,이랜드몰,0,3,39900,1,1
1,SPYWG26C1219100,이랜드몰,0,2,39900,2,2
1,SPYWG37C0536095,이랜드몰,0,2,39900,1,1
1,SPYWG37W0125085,이랜드몰,0,3,39900,2,2
1,SPYWG37W0125090,이랜드몰,0,2,39900,2,2
1,SPYWG37W0125095,이랜드몰,0,3,39900,1,1
1,SPYWG37W0150090,이랜드몰,0,2,39900,0,0
1,SPACG24A5059999,이랜드몰,0,9,25900,0,0
1,SPAKG23U0130095,이랜드몰,0,4,35900,0,0
1,SPAKG24A0131999,이랜드몰,0,4,29900,0,0
1,SPAKG24A0164999,이랜드몰,0,4,29900,0,0
1,SPAKGA9A8064999,이랜드몰,0,6,39900,0,0
1,SPAYGA9A1310090,이랜드몰,0,20,15900,4,4
1,SPAYGA9A1310095,이랜드몰,0,23,15900,8,8
1,SPAYGA9A1319095,이랜드몰,0,14,15900,3,3
1,SPAYGA9A1399095,이랜드몰,0,23,15900,2,2
1,SPAYGA9A1399100,이랜드몰,0,12,15900,3,3
1,SPBNG38W9451085,이랜드몰,0,4,39900,0,0
1,SPBNG38W9519085,이랜드몰,0,1,39900,0,0
1,SPBWG25W0119095,이랜드몰,0,2,39900,2,2
1,SPBWG25W0151090,이랜드몰,0,3,39900,1,1
1,SPBWG25W0219085,이랜드몰,0,1,39900,0,0
1,SPBWG37W0264085,이랜드몰,0,6,49900,0,0
1,SPBWG37W0264095,이랜드몰,0,1,49900,0,0
1,SPCKG11G9020999,이랜드몰,0,2,59900,2,2
1,SPCKG12G0139095,이랜드몰,0,3,39900,0,0
1,SPCKG25G0451999,이랜드몰,0,2,39900,0,0
1,SPCKG25G04AC999,이랜드몰,0,1,39900,0,0
1,SPJJG23GS119095,이랜드몰,0,2,69900,0,0
1,SPJJG23GS149100,이랜드몰,0,2,69900,1,1
1,SPJJG37C0219100,이랜드몰,0,4,39900,1,1
1,SPJJG37G0119095,이랜드몰,0,8,39900,1,1
1,SPJKG24M2317110,이랜드몰,0,2,79900,0,0
1,SPJLG11W0435090,이랜드몰,0,10,99900,8,8
1,SPJLG11W9651999,이랜드몰,0,1,99900,0,0
1,SPJPG11C1119085,이랜드몰,12,1,69900,13,1
1,SPJPG11C2216090,이랜드몰,1,1,49900,2,1
1,SPJPG11C2216105,이랜드몰,3,1,49900,4,1
1,SPJPG11C2216110,이랜드몰,0,1,49900,1,1
1,SPJPG11C2285095,이랜드몰,0,1,49900,0,0
1,SPJPG11G0119085,이랜드몰,3,5,69900,7,4
1,SPJPG11G0119090,이랜드몰,0,6,69900,6,6
1,SPJPG11G0139085,이랜드몰,0,4,69900,4,4
1,SPJPG11G0139095,이랜드몰,1,8,69900,6,5
1,SPJPG12C5139090,이랜드몰,0,3,99900,3,3
1,SPJPG12G2239085,이랜드몰,5,3,29900,6,1
1,SPJWG11MY219100,이랜드몰,1,2,129000,0,0
1,SPKNG37G01AC095,이랜드몰,0,3,25900,0,0
1,SPKWG12C5020090,이랜드몰,2,1,49900,3,1
1,SPKWG12C5020095,이랜드몰,3,2,49900,5,2
1,SPKWG12W04AC095,이랜드몰,0,4,39900,1,1
1,SPKWG12W9385999,이랜드몰,0,2,49900,1,1
1,SPLWG23G0151085,이랜드몰,0,6,19900,1,1
1,SPMRGA9A0310105,이랜드몰,0,10,12900,0,0
1,SPMTG12C0119075,이랜드몰,0,10,39900,0,0
1,SPMTG12C0119080,이랜드몰,0,4,39900,1,1
1,SPMTG12C0160075,이랜드몰,0,6,39900,0,0
1,SPMTG12C01AC080,이랜드몰,0,12,39900,1,1
1,SPMTG12C0219080,이랜드몰,0,14,39900,2,2
1,SPMTG12C0219085,이랜드몰,1,11,39900,1,0
1,SPMTG12C02AA075,이랜드몰,0,4,39900,0,0
1,SPMTG12C02AC080,이랜드몰,1,3,39900,0,0
1,SPMTG12C02AC090,이랜드몰,0,3,39900,1,1
1,SPMTG12C03AC085,이랜드몰,0,4,35900,0,0
1,SPMZG11C0219090,이랜드몰,0,6,39900,0,0
1,SPMZG11C02AA095,이랜드몰,0,12,39900,0,0
1,SPMZG11C6033090,이랜드몰,0,1,49900,0,0
1,SPMZG11G3119085,이랜드몰,1,1,49900,2,1
1,SPMZG11G3119095,이랜드몰,0,1,49900,0,0
1,SPMZG23G0285085,이랜드몰,0,4,49900,0,0
1,SPMZG23GY049085,이랜드몰,0,2,59900,0,0
1,SPMZG23GY049090,이랜드몰,0,6,59900,0,0
1,SPMZG23GY060085,이랜드몰,0,8,59900,0,0
1,SPPPG11U1176105,이랜드몰,1,1,49900,0,0
1,SPRLG37KU320110,이랜드몰,3,5,19900,0,0
1,SPRLG37KU320140,이랜드몰,4,9,19900,1,0
1,SPRNG37G2299085,이랜드몰,0,11,19900,0,0
1,SPRNG37G2299090,이랜드몰,0,10,19900,0,0
1,SPRNG37G2299095,이랜드몰,0,13,19900,1,1
1,SPRPG24C6110095,이랜드몰,0,3,29900,0,0
1,SPRPG24C6129095,이랜드몰,0,2,29900,0,0
1,SPRPG24C6129105,이랜드몰,0,2,29900,0,0
1,SPRPG24C6159095,이랜드몰,0,2,29900,0,0
1,SPRPG24C6159105,이랜드몰,0,2,29900,0,0
1,SPRPG24C6160105,이랜드몰,0,2,29900,0,0
1,SPRPG24G5160095,이랜드몰,0,15,19900,0,0
1,SPRPG24GY039090,이랜드몰,0,7,29900,1,1
1,SPRPG24GY039095,이랜드몰,0,8,29900,0,0
1,SPRPG24GY059090,이랜드몰,0,6,29900,1,1
1,SPRPG24GY059095,이랜드몰,0,2,29900,0,0
1,SPRPG25C6010105,이랜드몰,0,6,25900,0,0
1,SPRPG37G5310095,이랜드몰,0,4,19900,2,2
1,SPRPG37G5315090,이랜드몰,0,3,19900,0,0
1,SPRPG37G5320090,이랜드몰,0,3,19900,0,0
1,SPRPG37G5320095,이랜드몰,1,3,19900,0,0
1,SPRPG37G5359090,이랜드몰,0,5,19900,0,0
1,SPRPGA9C7099100,이랜드몰,0,6,29900,0,0
1,SPRSG24G0130090,이랜드몰,0,11,25900,1,1
1,SPRSG24G0151085,이랜드몰,0,10,25900,2,2
1,SPRWG37G1129095,이랜드몰,0,4,25900,1,1
1,SPRWG37WS319085,이랜드몰,0,6,19900,0,0
1,SPRWGA9KU210150,이랜드몰,2,5,19900,0,0
1,SPTAG24M2317090,이랜드몰,0,2,39900,0,0
1,SPTAG25W0419080,이랜드몰,0,1,49900,1,1
1,SPTAG25W1117075,이랜드몰,0,5,39900,1,1
1,SPTAG25W1117085,이랜드몰,0,4,39900,0,0
1,SPTAG25W1133085,이랜드몰,0,4,39900,0,0
1,SPTCG24C0260080,이랜드몰,0,4,39900,0,0
1,SPTCG24C0260085,이랜드몰,0,10,39900,0,0
1,SPTCG24C0260090,이랜드몰,0,6,39900,0,0
1,SPTCG24W9159075,이랜드몰,0,2,39900,0,0
1,SPTHG23WY119070,이랜드몰,0,10,39900,0,0
1,SPTHG25M1185110,이랜드몰,0,3,39900,0,0
1,SPTHG26C0115085,이랜드몰,0,5,49900,0,0
1,SPTHG26C0119080,이랜드몰,0,4,49900,1,1
1,SPTHG26G0236075,이랜드몰,0,6,39900,0,0
1,SPTHG26W0135070,이랜드몰,0,4,39900,1,1
1,SPTHG26W0135080,이랜드몰,0,9,39900,0,0
1,SPTHG26W0159080,이랜드몰,0,4,39900,1,1
1,SPTHG37C0235080,이랜드몰,0,7,39900,0,0
1,SPTHG37C0258090,이랜드몰,0,10,39900,2,2
1,SPTJG11G51VB070,이랜드몰,0,1,49900,0,0
1,SPTNG24C0155085,이랜드몰,0,6,29900,0,0
1,SPTNG25G0256075,이랜드몰,0,6,39900,0,0
1,SPTRGA9KU259150,이랜드몰,0,10,9900,0,0
1,SPTRGA9KU499150,이랜드몰,0,9,25900,4,4
1,SPTRGA9KU599150,이랜드몰,10,22,9900,0,0
1,SPWHG12W1485080,이랜드몰,0,1,49900,0,0
1,SPWHG25W0135075,이랜드몰,0,5,49900,2,2
1,SPWHG37G1119075,이랜드몰,0,3,39900,0,0
1,SPWHG37G1119080,이랜드몰,0,2,39900,0,0
1,SPWJG23G01A3075,이랜드몰,0,2,49900,0,0
1,SPWPGA9KG131160,이랜드몰,5,21,9900,2,0
1,SPWPGA9KG226160,이랜드몰,1,23,9900,1,0
1,SPWPGA9KG231130,이랜드몰,0,10,9900,0,0
1,SPWPGA9KG231160,이랜드몰,0,18,9900,0,0
1,SPWPGA9KG399110,이랜드몰,0,8,25900,0,0
1,SPWPGA9KG399130,이랜드몰,0,16,25900,0,0
1,SPWPGA9KG399150,이랜드몰,10,10,25900,2,0
1,SPWPGA9KG499110,이랜드몰,0,6,25900,0,0
1,SPYWG25M0459095,이랜드몰,0,4,39900,0,0
1,SPYWG25M0460100,이랜드몰,0,4,39900,0,0
1,SPYWG25M1116105,이랜드몰,0,4,49900,0,0
1,SPAKG24A0251999,이랜드몰,0,4,25900,0,0
1,SPAKGA9A1030999,이랜드몰,0,12,39900,0,0
1,SPAKGA9A1150999,이랜드몰,0,2,39900,0,0
1,SPAKGA9A7849999,이랜드몰,0,2,49900,0,0
1,SPAYGA9A0410095,이랜드몰,0,27,9900,0,0
1,SPAYGA9A0419095,이랜드몰,0,13,9900,0,0
1,SPBNG37W0110095,이랜드몰,0,6,29900,0,0
1,SPBNG37W0439095,이랜드몰,0,4,39900,0,0
1,SPCKG25G0239095,이랜드몰,0,2,39900,0,0
1,SPCKG25G5016095,이랜드몰,0,4,39900,0,0
1,SPCKG37G0259085,이랜드몰,0,2,29900,1,1
1,SPCKG37G0259090,이랜드몰,0,2,29900,1,1
1,SPCKG37G0259095,이랜드몰,0,17,29900,1,1
1,SPDRGA9M0110105,이랜드몰,0,2,29900,0,0
1,SPHWG25C5362090,이랜드몰,0,11,29900,0,0
1,SPHWG26C6185095,이랜드몰,0,3,29900,0,0
1,SPJDG11KG1AM120,이랜드몰,0,2,79900,0,0
1,SPJJG25C2127110,이랜드몰,0,2,39900,0,0
1,SPJJG25C2135105,이랜드몰,0,2,39900,1,1
1,SPJJG25C2135110,이랜드몰,0,4,39900,3,3
1,SPJJG26C0195105,이랜드몰,0,6,39900,0,0
1,SPJJG37C0360090,이랜드몰,0,2,39900,1,1
1,SPJJG37G0225090,이랜드몰,0,2,39900,1,1
1,SPJKG25W0119095,이랜드몰,0,10,69900,0,0
1,SPJKGA9W0217090,이랜드몰,0,2,79900,0,0
1,SPKWG24G0131100,이랜드몰,0,3,29900,0,0
1,SPKWG24G0219085,이랜드몰,0,5,35900,0,0
1,SPKWG25M0186105,이랜드몰,0,2,39900,1,1
1,SPKWG25M0335105,이랜드몰,0,2,39900,0,0
1,SPLOG37A0116095,이랜드몰,0,3,39900,1,1
1,SPLOG37A0116100,이랜드몰,0,2,39900,0,0
1,SPMNG23C6519090,이랜드몰,0,2,49900,0,0
1,SPMNG23C6519095,이랜드몰,0,2,49900,0,0
1,SPMNG23C65AC100,이랜드몰,0,2,49900,0,0
1,SPMRGA9A0119105,이랜드몰,0,6,12900,0,0
1,SPMRGA9A1210100,이랜드몰,0,12,15900,4,4
1,SPMRGA9A1219105,이랜드몰,5,5,15900,3,0
1,SPMTG23C6449085,이랜드몰,0,3,39900,0,0
1,SPMTG37C1119085,이랜드몰,0,4,29900,0,0
1,SPMTG37C11AC080,이랜드몰,0,3,29900,2,2
1,SPMTG37C11AC085,이랜드몰,0,3,29900,0,0
1,SPMTG37G02AC070,이랜드몰,0,26,29900,0,0
1,SPMTG37G02AC075,이랜드몰,0,11,29900,0,0
1,SPMTG37G02AC080,이랜드몰,0,12,29900,0,0
1,SPMZG23G50AA085,이랜드몰,0,8,49900,0,0
1,SPOJG37G0155095,이랜드몰,0,3,59900,0,0
1,SPOJG37G0159085,이랜드몰,0,1,59900,0,0
1,SPOJG37G0159090,이랜드몰,0,3,59900,0,0
1,SPOJG37G0159095,이랜드몰,0,4,59900,0,0
1,SPOWG37W0117095,이랜드몰,0,6,49900,0,0
1,SPOWG37W0119085,이랜드몰,0,9,49900,0,0
1,SPOWG37W0119090,이랜드몰,0,8,49900,0,0
1,SPOWG37W0119095,이랜드몰,0,7,49900,0,0
1,SPPPG37KU125100,이랜드몰,4,2,39900,0,0
1,SPRNG37G2219095,이랜드몰,0,6,19900,0,0
1,SPRNGA9A2010095,이랜드몰,0,12,12900,0,0
1,SPRNGA9A2019090,이랜드몰,0,8,12900,1,1
1,SPRNGA9A20AC095,이랜드몰,0,8,12900,0,0
1,SPRPG24C6010090,이랜드몰,0,22,25900,1,1
1,SPRPG24C6010095,이랜드몰,0,34,25900,1,1
1,SPRPG24C6010100,이랜드몰,0,20,25900,1,1
1,SPRPG24C6010105,이랜드몰,0,34,25900,0,0
1,SPRPG24C6064100,이랜드몰,0,20,25900,0,0
1,SPRPG24G5310090,이랜드몰,0,13,29900,0,0
1,SPRPG24G5315085,이랜드몰,0,4,29900,0,0
1,SPRPG24G5315090,이랜드몰,0,6,29900,0,0
1,SPRPG24G5359085,이랜드몰,0,9,29900,0,0
1,SPRPG24G5359090,이랜드몰,0,7,29900,0,0
1,SPRPG24GY039085,이랜드몰,0,8,29900,0,0
1,SPRPG24GY059085,이랜드몰,0,4,29900,0,0
1,SPRPG25G5050085,이랜드몰,0,6,29900,0,0
1,SPRPG25G5050090,이랜드몰,0,2,29900,1,1
1,SPRPG26C6033100,이랜드몰,0,4,29900,0,0
1,SPRPG37C6259100,이랜드몰,0,4,19900,0,0
1,SPRPG37G7230095,이랜드몰,0,4,19900,1,1
1,SPRSG25C0303095,이랜드몰,0,16,25900,0,0
1,SPRSG25C0303100,이랜드몰,0,19,25900,2,2
1,SPRSG25C0303105,이랜드몰,0,18,25900,2,2
1,SPRSG25C0329095,이랜드몰,0,18,25900,2,2
1,SPRSG25C0329105,이랜드몰,0,14,25900,0,0
1,SPRSG25C0415090,이랜드몰,0,14,29900,0,0
1,SPRSG25C0439090,이랜드몰,0,19,29900,0,0
1,SPRSG25C0439095,이랜드몰,0,19,29900,1,1
1,SPRSG25C0485095,이랜드몰,0,12,29900,0,0
1,SPRSG25C0485100,이랜드몰,0,18,29900,0,0
1,SPRSG25C0485105,이랜드몰,0,19,29900,1,1
1,SPRSG25M0119090,이랜드몰,0,4,29900,0,0
1,SPRSG25M0119095,이랜드몰,0,7,29900,0,0
1,SPRSG25M0119105,이랜드몰,0,11,29900,0,0
1,SPRSG25M0185090,이랜드몰,0,4,29900,0,0
1,SPRSG25M0185095,이랜드몰,0,4,29900,0,0
1,SPRSG25M01AC095,이랜드몰,0,5,29900,0,0
1,SPRSG25M01AC105,이랜드몰,0,5,29900,0,0
1,SPRWG25C0210100,이랜드몰,0,12,15900,1,1
1,SPRWG25C0210105,이랜드몰,1,7,15900,0,0
1,SPRWG25C0539095,이랜드몰,0,4,25900,1,1
1,SPRWG37G1210085,이랜드몰,0,5,19900,2,2
1,SPRWG37G1219090,이랜드몰,0,12,19900,0,0
1,SPRWG37G1219095,이랜드몰,0,3,19900,1,1
1,SPRWGA9A0110090,이랜드몰,0,6,15900,0,0
1,SPRWGA9A0199105,이랜드몰,0,3,15900,0,0
1,SPRWGA9A0210100,이랜드몰,0,36,19900,1,1
1,SPRWGA9C0110095,이랜드몰,0,15,19900,0,0
1,SPTAG23M5215074,이랜드몰,0,4,49900,0,0
1,SPTAG23M5215078,이랜드몰,0,3,49900,0,0
1,SPTAG23M5217074,이랜드몰,0,1,49900,0,0
1,SPTAG25W0219064,이랜드몰,0,3,39900,1,1
1,SPTAG25W0219067,이랜드몰,0,3,39900,2,2
1,SPTAG25W0260073,이랜드몰,0,3,39900,0,0
1,SPTAG25W0260078,이랜드몰,0,3,39900,2,2
1,SPTAG37M2519085,이랜드몰,0,2,39900,0,0
1,SPTAGA9W1119078,이랜드몰,0,2,39900,1,1
1,SPTCG23CY164078,이랜드몰,0,2,49900,0,0
1,SPTCG23M0127085,이랜드몰,0,8,49900,2,2
1,SPTCG23M0127090,이랜드몰,0,6,49900,0,0
1,SPTCG23M0127095,이랜드몰,0,2,49900,0,0
1,SPTCG24C0119085,이랜드몰,0,5,39900,0,0
1,SPTCG24C0119095,이랜드몰,0,3,39900,0,0
1,SPTCG24C0137080,이랜드몰,0,6,39900,1,1
1,SPTCG24C0164080,이랜드몰,0,6,39900,0,0
1,SPTCG24C0185075,이랜드몰,0,6,39900,0,0
1,SPTCG24C0185080,이랜드몰,0,6,39900,0,0
1,SPTCG24C0185085,이랜드몰,0,6,39900,0,0
1,SPTCG25C0319078,이랜드몰,0,2,49900,1,1
1,SPTCG25C1219090,이랜드몰,0,12,39900,0,0
1,SPTCG25C1249075,이랜드몰,0,3,39900,0,0
1,SPTCG25C1249080,이랜드몰,0,2,39900,0,0
1,SPTCG25C1249090,이랜드몰,0,4,39900,0,0
1,SPTCG37C0303086,이랜드몰,0,2,49900,0,0
1,SPTCG37C0319082,이랜드몰,0,6,49900,1,1
1,SPTCG37C0319086,이랜드몰,0,2,49900,0,0
1,SPTCG37C0336074,이랜드몰,0,2,49900,0,0
1,SPTCG37C0336078,이랜드몰,0,6,49900,0,0
1,SPTCG37C0336082,이랜드몰,0,2,49900,1,1
1,SPTCG37C0336086,이랜드몰,0,4,49900,0,0
1,SPTCG37C0415075,이랜드몰,0,3,39900,1,1
1,SPTCG37C0435075,이랜드몰,0,4,39900,0,0
1,SPTCGA9C0235086,이랜드몰,0,4,49900,0,0
1,SPTHG25C2160085,이랜드몰,0,8,39900,0,0
1,SPTHG25C2160095,이랜드몰,0,4,39900,0,0
1,SPTHG26C0119075,이랜드몰,0,4,49900,1,1
1,SPTHG26C0135080,이랜드몰,0,6,49900,0,0
1,SPTHG26C0135085,이랜드몰,0,4,49900,0,0
1,SPTHG26G0236070,이랜드몰,0,4,39900,0,0
1,SPTHG37C0119080,이랜드몰,0,4,29900,0,0
1,SPTHG37C0119085,이랜드몰,0,4,29900,0,0
1,SPTHG37C0164075,이랜드몰,0,4,29900,0,0
1,SPTHG37C0258085,이랜드몰,0,6,39900,0,0
1,SPTHG37G1259070,이랜드몰,0,4,25900,1,1
1,SPTHG37G1262080,이랜드몰,0,3,25900,0,0
1,SPTHG37KG110160,이랜드몰,1,3,19900,0,0
1,SPTJG23C4117082,이랜드몰,1,3,49900,0,0
1,SPTJG23C4117084,이랜드몰,0,4,49900,0,0
1,SPTJG23C4157074,이랜드몰,0,2,49900,0,0
1,SPTJG23C4157080,이랜드몰,0,2,49900,0,0
1,SPTJG23C5117080,이랜드몰,0,2,49900,0,0
1,SPTJG23C5117084,이랜드몰,0,1,49900,0,0
1,SPTJG23C5119082,이랜드몰,0,1,49900,0,0
1,SPTJG23C5355086,이랜드몰,0,2,49900,0,0
1,SPTJG24C5555080,이랜드몰,0,2,39900,0,0
1,SPTJG25C2157082,이랜드몰,0,4,49900,1,1
1,SPTJG25C4157080,이랜드몰,0,3,49900,0,0
1,SPTJG25C4157082,이랜드몰,0,9,49900,0,0
1,SPTJG25C4159074,이랜드몰,0,3,49900,0,0
1,SPTJG25C4159080,이랜드몰,0,4,49900,0,0
1,SPTJG25C4159082,이랜드몰,0,8,49900,0,0
1,SPTJG25C4159086,이랜드몰,0,8,49900,0,0
1,SPTJG25C5217074,이랜드몰,0,2,49900,0,0
1,SPTJG25C5217078,이랜드몰,0,4,49900,0,0
1,SPTJG25C5255074,이랜드몰,0,6,49900,1,1
1,SPTJG25C5255082,이랜드몰,0,8,49900,0,0
1,SPTJG25C5255086,이랜드몰,0,4,49900,0,0
1,SPTJG25C5256086,이랜드몰,1,1,49900,1,0
1,SPTJG25G3255067,이랜드몰,0,6,49900,6,6
1,SPTJG25G7155064,이랜드몰,0,1,49900,0,0
1,SPTJG37C5256082,이랜드몰,0,2,49900,1,1
1,SPTJG37C5256086,이랜드몰,0,2,49900,0,0
1,SPTJG37G5255073,이랜드몰,0,1,49900,0,0
1,SPTJGA9C2157084,이랜드몰,0,1,49900,0,0
1,SPTJGA9G5117067,이랜드몰,0,2,49900,0,0
1,SPTJGA9G5156073,이랜드몰,0,2,49900,0,0
1,SPTMG37KU119150,이랜드몰,0,3,25900,0,0
1,SPTNG25KG139130,이랜드몰,0,2,29900,0,0
1,SPTNG25KG139150,이랜드몰,0,5,29900,1,1
1,SPTNG25KU159160,이랜드몰,0,2,29900,0,0
1,SPWHG25G1110080,이랜드몰,0,4,39900,0,0
1,SPWJG23G01A3070,이랜드몰,0,2,49900,0,0
1,SPWRGA9A1519090,이랜드몰,0,3,25900,1,1
1,SPWRGA9A1519095,이랜드몰,0,2,25900,1,1
1,SPYSG23W0439085,이랜드몰,1,9,39900,1,0
1,SPYWG25C0110110,이랜드몰,0,4,39900,0,0
1,SPYWG25C0150105,이랜드몰,0,3,39900,0,0
1,SPYWG25C0151100,이랜드몰,0,4,39900,0,0
1,SPYWG25C0151105,이랜드몰,0,4,39900,0,0
1,SPYWG25G0115085,이랜드몰,0,12,35900,1,1
1,SPYWG25G0159085,이랜드몰,0,3,35900,0,0
1,SPYWG25M0319100,이랜드몰,0,2,39900,2,2
1,SPYWG25M0319110,이랜드몰,0,3,39900,3,3
1,SPAKGA9A0526999,이랜드몰,0,2,39900,0,0
1,SPAKGA9A1036999,이랜드몰,0,2,39900,0,0
1,SPAKGA9A83B3999,이랜드몰,0,2,49900,0,0
1,SPAKGA9A8419999,이랜드몰,0,2,39900,0,0
1,SPAKGA9A9649999,이랜드몰,0,3,39900,0,0
1,SPBNG24W9139999,이랜드몰,0,2,29900,0,0
1,SPBNG38W9451090,이랜드몰,0,2,39900,0,0
1,SPBNG38W9451095,이랜드몰,0,4,39900,0,0
1,SPBWG23W0139085,이랜드몰,0,4,49900,0,0
1,SPBWG23W0185085,이랜드몰,0,6,49900,0,0
1,SPBWG23W0185090,이랜드몰,0,8,49900,0,0
1,SPBWG23W0185095,이랜드몰,0,2,49900,0,0
1,SPBWG23W0239085,이랜드몰,1,3,49900,0,0
1,SPBWG23W0339085,이랜드몰,0,4,49900,0,0
1,SPBWG23W0339090,이랜드몰,0,4,49900,0,0
1,SPBWG23W0439085,이랜드몰,0,4,39900,0,0
1,SPBWG23W0439090,이랜드몰,0,6,39900,0,0
1,SPBWG23W0439095,이랜드몰,0,4,39900,0,0
1,SPBWG23W0485085,이랜드몰,0,1,39900,0,0
1,SPBWG23W0560090,이랜드몰,0,2,39900,0,0
1,SPBWG23W0560095,이랜드몰,0,2,39900,0,0
1,SPCKG23W0119090,이랜드몰,0,4,35900,0,0
1,SPCKG23W0120090,이랜드몰,1,7,35900,1,0
1,SPCKG25G0239100,이랜드몰,0,1,39900,0,0
1,SPCKG25G0337085,이랜드몰,0,4,39900,1,1
1,SPCKG25G5026085,이랜드몰,0,2,39900,0,0
1,SPCKG25G5039085,이랜드몰,0,2,39900,1,1
1,SPCKG25G5059095,이랜드몰,0,4,39900,0,0
1,SPCKG37G0439999,이랜드몰,0,2,39900,0,0
1,SPCKG37G04AC999,이랜드몰,0,2,39900,0,0
1,SPCKG37G0519999,이랜드몰,0,4,39900,2,2
1,SPCKG37G0539999,이랜드몰,0,4,39900,1,1
1,SPCKG37G05AC999,이랜드몰,0,2,39900,2,2
1,SPHWG25C5359100,이랜드몰,0,7,29900,0,0
1,SPJEG23C0255095,이랜드몰,0,2,69900,0,0
1,SPJEG23G0285095,이랜드몰,0,3,59900,0,0
1,SPJJG23C0310100,이랜드몰,0,2,69900,0,0
1,SPJJG23C0310110,이랜드몰,0,2,69900,0,0
1,SPJJG23G0319085,이랜드몰,0,2,59900,0,0
1,SPJJG25G1159090,이랜드몰,0,4,49900,4,4
1,SPJJG25G1159095,이랜드몰,0,6,49900,3,3
1,SPJJG25GY110090,이랜드몰,0,8,49900,1,1
1,SPJJG25GY110095,이랜드몰,0,2,49900,0,0
1,SPJJG37GS110085,이랜드몰,0,9,49900,0,0
1,SPJJG37GS119100,이랜드몰,0,4,49900,0,0
1,SPJKGA9W0219085,이랜드몰,0,2,79900,1,1
1,SPKWG25G0119085,이랜드몰,0,6,39900,0,0
1,SPKWG25G0120085,이랜드몰,0,4,39900,0,0
1,SPKWG25G0120090,이랜드몰,0,4,39900,0,0
1,SPKWG25G0120100,이랜드몰,0,6,39900,0,0
1,SPKWG25G0139100,이랜드몰,0,4,39900,0,0
1,SPKWG25G0159085,이랜드몰,0,4,39900,1,1
1,SPKWG25G0159100,이랜드몰,0,6,39900,0,0
1,SPKWG25G0185085,이랜드몰,0,4,39900,0,0
1,SPKWG25G0185090,이랜드몰,0,8,39900,1,1
1,SPKWG25G0185100,이랜드몰,0,3,39900,0,0
1,SPLWG23G0285090,이랜드몰,0,4,29900,0,0
1,SPLWG23G0299090,이랜드몰,0,6,29900,0,0
1,SPLWG23G0299095,이랜드몰,0,8,29900,0,0
1,SPLWG23G0360095,이랜드몰,0,10,35900,0,0
1,SPLWG23G03AC085,이랜드몰,0,10,35900,0,0
1,SPLWG23G0459085,이랜드몰,0,6,35900,0,0
1,SPLWG23G0485095,이랜드몰,0,4,35900,0,0
1,SPLWG24GY059085,이랜드몰,0,6,49900,0,0
1,SPLWG24GY059090,이랜드몰,0,2,49900,0,0
1,SPMNG23G6029090,이랜드몰,0,2,49900,0,0
1,SPMNG23G6029095,이랜드몰,0,2,49900,0,0
1,SPMNG23G6059090,이랜드몰,0,2,49900,0,0
1,SPMNG23G6059095,이랜드몰,0,2,49900,0,0
1,SPMTG23C6649085,이랜드몰,0,4,35900,0,0
1,SPMTG23C6660075,이랜드몰,0,4,35900,0,0
1,SPMTG24C6059080,이랜드몰,0,4,35900,0,0
1,SPMTG24C6059090,이랜드몰,0,6,35900,0,0
1,SPMTG24C60AC075,이랜드몰,0,6,35900,0,0
1,SPMTG25C5119075,이랜드몰,0,4,29900,0,0
1,SPMTG25C5119090,이랜드몰,0,8,29900,0,0
1,SPMTG25C5162080,이랜드몰,0,4,29900,0,0
1,SPMTG37G0119070,이랜드몰,0,8,29900,0,0
1,SPMTG37G0119075,이랜드몰,0,8,29900,0,0
1,SPMTG37G0119080,이랜드몰,0,6,29900,0,0
1,SPMTG37G01AC070,이랜드몰,0,6,29900,1,1
1,SPMTG37G01AC075,이랜드몰,0,8,29900,0,0
1,SPMTG37G01AC080,이랜드몰,0,6,29900,1,1
1,SPMTG37G0219070,이랜드몰,0,38,29900,1,1
1,SPMTG37G0219080,이랜드몰,0,22,29900,1,1
1,SPMZG23CY260090,이랜드몰,0,4,49900,0,0
1,SPMZG23CY260095,이랜드몰,0,4,49900,0,0
1,SPMZG23CY260100,이랜드몰,0,2,49900,0,0
1,SPMZG23G50AA095,이랜드몰,0,2,49900,0,0
1,SPMZG24G0519085,이랜드몰,0,2,39900,0,0
1,SPOJG24G0159085,이랜드몰,0,2,59900,0,0
1,SPOJG37G0155085,이랜드몰,0,2,59900,0,0
1,SPOWG23W0119085,이랜드몰,0,1,59900,0,0
1,SPOWG37G9010090,이랜드몰,0,2,49900,0,0
1,SPOWG37G9060085,이랜드몰,0,2,49900,1,1
1,SPPPG25U0110090,이랜드몰,0,6,39900,0,0
1,SPPPG25U0184095,이랜드몰,0,4,39900,0,0
1,SPPPG25U0184105,이랜드몰,0,9,39900,0,0
1,SPPPG25U0225090,이랜드몰,0,3,39900,0,0
1,SPPPG25U0239095,이랜드몰,0,5,39900,0,0
1,SPPPG25U0284100,이랜드몰,0,6,39900,1,1
1,SPPPG25U0335090,이랜드몰,0,6,39900,1,1
1,SPPPG25U0335095,이랜드몰,0,8,39900,2,2
1,SPPPG25U0335100,이랜드몰,0,6,39900,0,0
1,SPPPG25U0335105,이랜드몰,0,4,39900,1,1
1,SPPPG25U0335110,이랜드몰,0,4,39900,2,2
1,SPPPG25U0351095,이랜드몰,0,8,39900,2,2
1,SPPPG25U0351100,이랜드몰,0,4,39900,1,1
1,SPPPG25U0351105,이랜드몰,0,4,39900,1,1
1,SPPPG25U0351110,이랜드몰,0,4,39900,0,0
1,SPPPG25U0359100,이랜드몰,0,4,39900,1,1
1,SPPPG25U0359105,이랜드몰,0,8,39900,0,0
1,SPPPG25U0525090,이랜드몰,0,12,39900,0,0
1,SPPPG25U0530090,이랜드몰,0,6,39900,1,1
1,SPPPG25U0550095,이랜드몰,0,12,39900,1,1
1,SPPPG25U0619095,이랜드몰,0,8,39900,0,0
1,SPPPG25U0650090,이랜드몰,0,6,39900,0,0
1,SPPPG25U0650095,이랜드몰,0,8,39900,0,0
1,SPPPG25U0819100,이랜드몰,0,6,39900,0,0
1,SPPPG25U0819105,이랜드몰,0,12,39900,0,0
1,SPPPG25U0825090,이랜드몰,0,4,39900,0,0
1,SPPPG25U0825095,이랜드몰,0,10,39900,0,0
1,SPPPG25U0825105,이랜드몰,0,6,39900,0,0
1,SPPPG25U1010105,이랜드몰,0,3,39900,0,0
1,SPPPG25U1035090,이랜드몰,0,4,39900,0,0
1,SPPPG25U1035095,이랜드몰,0,10,39900,0,0
1,SPPPG25U1035100,이랜드몰,0,6,39900,0,0
1,SPPPG37U1610090,이랜드몰,0,3,39900,0,0
1,SPPPG37U1610095,이랜드몰,0,9,39900,1,1
1,SPPPG37U1684090,이랜드몰,0,6,39900,0,0
1,SPPPG37U1684095,이랜드몰,0,4,39900,0,0
1,SPPPG37U1684100,이랜드몰,0,4,39900,0,0
1,SPPPG37U1684110,이랜드몰,0,4,39900,0,0
1,SPRLG25U0310095,이랜드몰,0,3,25900,0,0
1,SPRLG25U0319095,이랜드몰,0,4,25900,1,1
1,SPRLG25U0319105,이랜드몰,0,3,25900,1,1
1,SPRLG25U03CH105,이랜드몰,0,3,25900,0,0
1,SPRLG25U0620100,이랜드몰,0,4,29900,0,0
1,SPRLG37U0110090,이랜드몰,0,2,35900,0,0
1,SPRLG37U3385090,이랜드몰,0,4,25900,0,0
1,SPRLG37U3550090,이랜드몰,0,6,25900,1,1
1,SPRLG37U3550095,이랜드몰,0,4,25900,0,0
1,SPRLG37U3619105,이랜드몰,0,5,25900,0,0
1,SPRLG37U3620090,이랜드몰,0,6,25900,1,1
1,SPRLG37U3620095,이랜드몰,0,14,25900,0,0
1,SPRLG37U3620105,이랜드몰,0,9,25900,0,0
1,SPRLG37U3810090,이랜드몰,0,6,25900,1,1
1,SPRLG37U3810095,이랜드몰,0,6,25900,0,0
1,SPRLG37U3810100,이랜드몰,0,6,25900,1,1
1,SPRLG37U38BC095,이랜드몰,0,6,25900,0,0
1,SPRLG37U38BC100,이랜드몰,0,6,25900,0,0
1,SPRLG37U38BD090,이랜드몰,0,4,25900,0,0
1,SPRLG37U38BF100,이랜드몰,0,3,25900,0,0
1,SPRLG37U38CH095,이랜드몰,0,6,25900,0,0
1,SPRNG24G0219085,이랜드몰,0,8,19900,0,0
1,SPRNG24G0219090,이랜드몰,0,6,19900,0,0
1,SPRNG37G0119085,이랜드몰,0,6,19900,0,0
1,SPRNG37G0119095,이랜드몰,0,3,19900,1,1
1,SPRNG37G0139085,이랜드몰,0,6,19900,0,0
1,SPRNG37G01CB090,이랜드몰,0,6,19900,0,0
1,SPRNG37G04AC090,이랜드몰,0,10,15900,1,1
1,SPRNG37G04AC095,이랜드몰,0,6,15900,0,0
1,SPRNG37G0685085,이랜드몰,0,8,19900,1,1
1,SPRNG37G2239090,이랜드몰,0,6,19900,0,0
1,SPRPG24C6059095,이랜드몰,0,4,25900,0,0
1,SPRPG24C6059105,이랜드몰,0,14,25900,0,0
1,SPRPG24C6064090,이랜드몰,0,12,25900,0,0
1,SPRPG24C6064095,이랜드몰,0,6,25900,0,0
1,SPRPG24G5051085,이랜드몰,0,4,25900,0,0
1,SPRPG24G5051090,이랜드몰,0,8,25900,0,0
1,SPRPG24G5110095,이랜드몰,0,6,19900,1,1
1,SPRPG24G5129085,이랜드몰,0,12,19900,0,0
1,SPRPG24G5129090,이랜드몰,0,22,19900,0,0
1,SPRPG24G5510085,이랜드몰,0,12,25900,0,0
1,SPRPG24G5510090,이랜드몰,0,5,25900,4,4
1,SPRPG24G5529085,이랜드몰,0,8,25900,0,0
1,SPRPG25C6084105,이랜드몰,0,4,25900,0,0
1,SPRPG37G3360095,이랜드몰,0,3,19900,0,0
1,SPRSG25C0303090,이랜드몰,0,6,25900,4,4
1,SPRSG25C0329090,이랜드몰,0,12,25900,1,1
1,SPRSG25C0459105,이랜드몰,0,9,29900,0,0
1,SPRWG37G33AA095,이랜드몰,0,3,25900,0,0
1,SPTAG25W0419070,이랜드몰,0,2,49900,0,0
1,SPTAG25W0419075,이랜드몰,0,4,49900,2,2
1,SPTAG25W04AC070,이랜드몰,0,2,49900,1,1
1,SPTAG25W04AC075,이랜드몰,0,8,49900,0,0
1,SPTCG23G0119075,이랜드몰,1,2,49900,0,0
1,SPTCG23G0319064,이랜드몰,0,2,49900,0,0
1,SPTCG24G9119075,이랜드몰,0,2,49900,0,0
1,SPTCG25C1219095,이랜드몰,0,8,39900,0,0
1,SPTCG25G0335080,이랜드몰,0,2,39900,0,0
1,SPTCG38G9010075,이랜드몰,0,2,59900,0,0
1,SPTCG38G9035075,이랜드몰,0,2,59900,0,0
1,SPTCGA9C0203078,이랜드몰,0,2,49900,0,0
1,SPTCGA9C0203086,이랜드몰,0,2,49900,0,0
1,SPTCGA9C0235082,이랜드몰,0,2,49900,0,0
1,SPTCGA9C0236086,이랜드몰,0,2,49900,0,0
1,SPTHG26C0135075,이랜드몰,0,2,49900,2,2
1,SPTHG37C0135085,이랜드몰,0,4,29900,0,0
1,SPTHG37C0135090,이랜드몰,0,4,29900,0,0
1,SPTHG37C0159075,이랜드몰,0,4,29900,0,0
1,SPTHG37C0159085,이랜드몰,0,6,29900,0,0
1,SPTHG37C0164085,이랜드몰,0,4,29900,0,0
1,SPTHG37G0135080,이랜드몰,0,4,39900,1,1
1,SPTJG23C4117080,이랜드몰,0,2,49900,0,0
1,SPTJG23C4117086,이랜드몰,0,2,49900,0,0
1,SPTJG23C4159078,이랜드몰,0,1,49900,0,0
1,SPTJG23G3156061,이랜드몰,0,4,49900,0,0
1,SPTJG23G3159070,이랜드몰,0,2,49900,0,0
1,SPTJG23G3159075,이랜드몰,0,2,49900,0,0
1,SPTJG23G5317073,이랜드몰,0,2,49900,0,0
1,SPTJG23G5359073,이랜드몰,0,1,49900,0,0
1,SPTJG23G6115061,이랜드몰,0,6,49900,0,0
1,SPTJG25C5155086,이랜드몰,0,2,49900,0,0
1,SPTJG25C5156074,이랜드몰,0,2,49900,1,1
1,SPTJG25G3255064,이랜드몰,0,6,49900,1,1
1,SPTJG25G3255073,이랜드몰,0,4,49900,2,2
1,SPTJG25G3256073,이랜드몰,0,4,49900,0,0
1,SPTNG24C0159075,이랜드몰,0,2,29900,1,1
1,SPTNG24C0159080,이랜드몰,0,3,29900,1,1
1,SPTNG24G0157070,이랜드몰,0,4,29900,0,0
1,SPTNG25G0259080,이랜드몰,0,2,39900,1,1
1,SPWHG23W1399070,이랜드몰,0,2,49900,1,1
1,SPWHG24G9210075,이랜드몰,0,1,49900,0,0
1,SPWHG26G0110075,이랜드몰,0,6,39900,3,3
1,SPWHG26G0160080,이랜드몰,0,7,39900,2,2
1,SPWHG37G0259075,이랜드몰,0,3,39900,0,0
1,SPWHG37GY339070,이랜드몰,0,4,39900,0,0
1,SPWHG37GY339080,이랜드몰,0,4,39900,0,0
1,SPWPGA9A11S1105,이랜드몰,0,14,7900,0,0
1,SPWPGA9A2035085,이랜드몰,0,26,12900,0,0
1,SPWPGA9A2035090,이랜드몰,0,7,12900,7,7
1,SPWPGA9A20AC085,이랜드몰,0,6,12900,6,6
1,SPWRGA9A1119080,이랜드몰,0,9,19900,8,8
1,SPWRGA9A1139090,이랜드몰,0,7,19900,7,7
1,SPWRGA9A1139095,이랜드몰,0,10,19900,9,9
1,SPWRGA9A1151085,이랜드몰,0,12,19900,3,3
1,SPWRGA9A1151090,이랜드몰,0,12,19900,6,6
1,SPWRGA9A1151095,이랜드몰,0,13,19900,7,7
1,SPYJG24C0156095,이랜드몰,1,2,39900,0,0
1,SPYJG24C0156105,이랜드몰,0,2,39900,0,0
1,SPYJG37G0157095,이랜드몰,0,2,39900,0,0
1,SPYSG23W0485095,이랜드몰,0,3,39900,0,0
1,SPYWG23W0350090,이랜드몰,0,3,39900,0,0
1,SPYWG25G0115090,이랜드몰,0,8,35900,0,0
1,SPPPG25U0419095,이랜드몰,0,8,39900,0,0
1,SPPPG25U0419100,이랜드몰,0,10,39900,1,1
1,SPPPG25U0419105,이랜드몰,0,6,39900,1,1
1,SPPPG25U0451100,이랜드몰,0,4,39900,1,1
1,SPPPG25U0451110,이랜드몰,0,4,39900,0,0
1,SPPPG25U0476105,이랜드몰,0,4,39900,0,0
1,SPRLG25U0450100,이랜드몰,0,4,25900,0,0
1,SPRLG25U0510090,이랜드몰,0,4,25900,0,0
1,SPRLG25U0510105,이랜드몰,0,6,25900,0,0
1,SPRLG25U0584100,이랜드몰,0,6,25900,0,0
1,SPRLG25U0620095,이랜드몰,0,2,29900,0,0
1,SPRLG37U02AC100,이랜드몰,0,2,29900,0,0
1,SPSMG24KU149160,이랜드몰,5,2,39900,1,0
1,SPABGA9A9919999,지그재그,0,6,19900,0,0
1,SPCKG24G0126085,지그재그,0,2,29900,0,0
1,SPCKG24G0151085,지그재그,0,4,29900,0,0
1,SPCKG24G0151100,지그재그,0,4,29900,0,0
1,SPCKG25G0339100,지그재그,0,1,39900,0,0
1,SPJJG25G0110090,지그재그,0,48,39900,13,13
1,SPJJG25G0119085,지그재그,0,22,39900,0,0
1,SPJJG25G0119090,지그재그,0,12,39900,1,1
1,SPJJG25G0351085,지그재그,0,2,59900,0,0
1,SPJJG25G0351090,지그재그,0,2,59900,1,1
1,SPJJG25GY125090,지그재그,0,4,49900,0,0
1,SPJJG25GY125095,지그재그,0,2,49900,0,0
1,SPLWG24G0159090,지그재그,0,4,35900,1,1
1,SPMTG37G0139080,지그재그,0,2,29900,0,0
1,SPMTG37GY010070,지그재그,0,5,29900,0,0
1,SPOWG37G9010085,지그재그,0,1,49900,0,0
1,SPRPG25C6010090,지그재그,0,5,25900,1,1
1,SPRPG25G52AA090,지그재그,0,3,25900,0,0
1,SPRPG37G52BN090,지그재그,0,5,19900,0,0
1,SPRPG37G5310090,지그재그,0,6,19900,4,4
1,SPRPG37G5359095,지그재그,0,11,19900,8,8
1,SPRPG37G9010070,지그재그,0,7,35900,0,0
1,SPRWG37G0120085,지그재그,0,3,25900,2,2
1,SPRWG37G0120090,지그재그,0,3,25900,3,3
1,SPRWG37G0135095,지그재그,3,7,25900,5,2
1,SPRWG37G0139090,지그재그,0,19,25900,3,3
1,SPRWG37G0139095,지그재그,0,9,25900,5,5
1,SPRWG37G01BN085,지그재그,0,3,25900,2,2
1,SPTCG23G0119064,지그재그,0,4,49900,0,0
1,SPTCG23G0119070,지그재그,0,6,49900,1,1
1,SPTCG37G9110075,지그재그,0,3,49900,0,0
1,SPTCG38G9010070,지그재그,0,2,59900,1,1
1,SPTCG38G9010080,지그재그,1,1,59900,1,0
1,SPTCG38G9035070,지그재그,2,1,59900,1,0
1,SPTHG37G1110075,지그재그,19,4,25900,16,0
1,SPTHG37G1110080,지그재그,3,9,25900,3,0
1,SPTHG37G1119080,지그재그,9,7,25900,6,0
1,SPTJG25C5256074,지그재그,0,3,49900,1,1
1,SPTJG25G3110070,지그재그,0,6,49900,0,0
1,SPTJG25G3155070,지그재그,0,3,49900,2,2
1,SPTJG37G52VI073,지그재그,0,2,49900,0,0
1,SPTNG25C02VB075,지그재그,0,4,39900,0,0
1,SPTNG25C02VI080,지그재그,0,4,39900,0,0
1,SPWQGA9A2159090,지그재그,0,12,9900,6,6
1,SPWRGA9A1319095,지그재그,0,6,25900,1,1
1,SPAKGA9A7464999,지그재그,0,6,29900,6,6
1,SPMZG23G0252085,지그재그,0,2,49900,0,0
1,SPCKG37G0220095,지그재그,2,4,29900,5,3
1,SPJJG25C2127095,지그재그,0,4,39900,0,0
1,SPKWG24G0239090,지그재그,0,3,35900,2,2
1,SPMZG25C0219090,지그재그,0,2,49900,0,0
1,SPRPG24G5315095,지그재그,0,8,29900,0,0
1,SPWHG12W1435080,지그재그,0,2,49900,0,0
1,SPJPG11C31B2100,카카오선물하기,0,2,79900,0,0
1,SPJVG11C2117100,카카오선물하기,0,9,29900,0,0
1,SPJVG11C2159105,카카오선물하기,0,6,29900,0,0
1,SPMZG11C6033100,카카오선물하기,0,3,49900,0,0
1,SPMZG11C6060090,카카오선물하기,0,12,49900,0,0
1,SPPPG25U0740100,카카오선물하기,0,8,39900,0,0
1,SPTHG11U0120999,카카오선물하기,0,34,29900,0,0
1,SPTHG11U0159999,카카오선물하기,0,30,29900,0,0
1,SPCKG12G0119090,카카오선물하기,0,6,39900,0,0
1,SPCKG12G0185085,카카오선물하기,0,2,39900,0,0
1,SPCKG12G5031085,카카오선물하기,0,5,49900,0,0
1,SPCKG12G5031090,카카오선물하기,0,2,49900,0,0
1,SPCKG12G5031095,카카오선물하기,0,2,49900,0,0
1,SPCKG12G5039095,카카오선물하기,0,4,49900,0,0
1,SPCKG12G5051085,카카오선물하기,0,5,49900,0,0
1,SPCKG12G5051090,카카오선물하기,0,9,49900,0,0
1,SPCKG12G5051095,카카오선물하기,0,2,49900,0,0
1,SPCKG12G5059085,카카오선물하기,0,4,49900,0,0
1,SPCKG12G5059090,카카오선물하기,0,1,49900,0,0
1,SPFZG11C0119090,카카오선물하기,0,6,29900,0,0
1,SPJLG11W0485085,카카오선물하기,0,6,99900,0,0
1,SPJPG11C1119105,카카오선물하기,0,1,69900,0,0
1,SPMTG11C0119080,카카오선물하기,0,4,35900,0,0
1,SPMTG11C0119085,카카오선물하기,0,5,35900,0,0
1,SPMTG11C01AC080,카카오선물하기,0,5,35900,0,0
1,SPMTG11C01AC085,카카오선물하기,0,4,35900,0,0
1,SPMTG12C0159075,카카오선물하기,0,8,39900,0,0
1,SPMTG12C0159090,카카오선물하기,0,4,39900,0,0
1,SPMZG11C0219095,카카오선물하기,0,6,39900,0,0
1,SPMZG11C6033105,카카오선물하기,0,4,49900,0,0
1,SPMZG11C6059090,카카오선물하기,0,1,49900,0,0
1,SPMZG11C6059095,카카오선물하기,0,4,49900,0,0
1,SPMZG11C6059100,카카오선물하기,0,4,49900,0,0
1,SPMZG11C6059105,카카오선물하기,0,5,49900,0,0
1,SPMZG11C6060095,카카오선물하기,0,2,49900,0,0
1,SPMZG11C6060100,카카오선물하기,0,2,49900,0,0
1,SPMZG11C6064100,카카오선물하기,0,3,49900,0,0
1,SPPPG11U1176090,카카오선물하기,0,1,49900,0,0
1,SPPPG11U1184090,카카오선물하기,0,1,49900,0,0
1,SPJLG11W0435085,카카오선물하기,0,2,99900,0,0
1,SPJLG12W1635085,카카오선물하기,0,4,89900,0,0
1,SPJPG12C21GW090,카카오선물하기,0,2,69900,0,0
1,SPJPG12G2239095,카카오선물하기,0,2,29900,0,0
1,SPKWG12G0239085,카카오선물하기,0,8,39900,0,0
1,SPMNG11C6159090,카카오선물하기,0,2,49900,0,0
1,SPMNG11C6159100,카카오선물하기,0,4,49900,0,0
1,SPMNG11C6160090,카카오선물하기,0,2,49900,0,0
1,SPMNG11C6160095,카카오선물하기,0,2,49900,0,0
1,SPMNG11C6160100,카카오선물하기,0,2,49900,0,0
1,SPMNG11G5033085,카카오선물하기,0,2,49900,0,0
1,SPMNG11G5033095,카카오선물하기,0,4,49900,0,0
1,SPMNG11G5064085,카카오선물하기,0,4,49900,0,0
1,SPMNG11G5064090,카카오선물하기,0,2,49900,0,0
1,SPMNG11G5064095,카카오선물하기,0,4,49900,0,0
1,SPMNG11G50AA085,카카오선물하기,0,2,49900,0,0
1,SPMNG11G50AA090,카카오선물하기,0,2,49900,0,0
1,SPMZG11C6050095,카카오선물하기,0,2,49900,0,0
1,SPMZG11C6050105,카카오선물하기,0,10,49900,0,0
1,SPMZG11C6060105,카카오선물하기,0,2,49900,0,0
1,SPMZG11C6064090,카카오선물하기,0,2,49900,0,0
1,SPMZG11C6064095,카카오선물하기,0,2,49900,0,0
1,SPMZG11C6064105,카카오선물하기,0,2,49900,0,0
1,SPPPG11U0410090,카카오선물하기,0,2,49900,0,0
1,SPPPG11U0410095,카카오선물하기,0,4,49900,0,0
1,SPPPG11U0410100,카카오선물하기,0,10,49900,0,0
1,SPPPG11U0419095,카카오선물하기,0,2,49900,0,0
1,SPPPG11U0419100,카카오선물하기,0,8,49900,0,0
1,SPPPG25U0619090,카카오선물하기,0,9,39900,0,0
1,SPPPG25U0619100,카카오선물하기,0,15,39900,1,1
1,SPPPG25U0619105,카카오선물하기,1,10,39900,0,0
1,SPPPG25U0725095,카카오선물하기,2,10,39900,2,0
1,SPPPG25U0725105,카카오선물하기,2,8,39900,0,0
1,SPPPG25U0925090,카카오선물하기,0,4,39900,0,0
1,SPRLG25U0299105,카카오선물하기,2,6,25900,0,0
1,SPRLG25U0910090,카카오선물하기,0,4,25900,0,0
1,SPRLG25U0910095,카카오선물하기,0,6,25900,0,0
1,SPRLG25U0910105,카카오선물하기,0,4,25900,0,0
1,SPRLG25U0999090,카카오선물하기,1,5,25900,0,0
1,SPAKGA9A0235999,공홈,0,4,25900,1,1
1,SPAKGA9A0491999,공홈,0,3,35900,1,1
1,SPAKGA9KU976999,공홈,1,4,19900,0,0
1,SPAYGA9A1310100,공홈,0,19,15900,1,1
1,SPAYGA9A1399090,공홈,0,14,15900,0,0
1,SPBWG25W0110085,공홈,0,2,39900,1,1
1,SPBWG25W0119090,공홈,0,3,39900,0,0
1,SPBWG25W0151085,공홈,0,4,39900,2,2
1,SPBWG25W0151095,공홈,0,2,39900,1,1
1,SPBWG37W0219095,공홈,0,1,49900,0,0
1,SPCKG25G0219095,공홈,0,1,39900,1,1
1,SPCKG25M0117095,공홈,2,2,49900,0,0
1,SPHWG25G5051085,공홈,0,2,29900,2,2
1,SPJJG23C1117090,공홈,0,1,59900,0,0
1,SPJJG23GS135095,공홈,0,4,69900,0,0
1,SPJJG26C0160095,공홈,0,6,39900,2,2
1,SPJJG37C0995095,공홈,0,4,39900,1,1
1,SPJJG37G9039090,공홈,0,3,49900,0,0
1,SPKNG37G0120085,공홈,0,2,25900,1,1
1,SPKNG37G0120095,공홈,0,2,25900,0,0
1,SPKWG23W02AC090,공홈,0,4,29900,0,0
1,SPKWG25M0359100,공홈,0,4,39900,0,0
1,SPLWG23C0159105,공홈,0,6,19900,3,3
1,SPMTG23G0485070,공홈,0,2,49900,0,0
1,SPMTG23G0485075,공홈,0,6,49900,0,0
1,SPMTG23G0485080,공홈,0,2,49900,0,0
1,SPMTG23G04AC075,공홈,0,6,49900,0,0
1,SPMZG23G0119090,공홈,0,8,39900,1,1
1,SPMZG23G0285090,공홈,0,2,49900,0,0
1,SPMZG23GY060095,공홈,1,2,59900,1,0
1,SPRLG37KU310110,공홈,0,3,19900,0,0
1,SPRLG37KU310120,공홈,0,5,19900,0,0
1,SPRLG37KU320120,공홈,0,4,19900,1,1
1,SPRLG37KU320130,공홈,2,8,19900,0,0
1,SPRLG37KU320150,공홈,1,6,19900,2,1
1,SPRLG37KU320160,공홈,0,3,19900,0,0
1,SPRLG37KU519120,공홈,3,9,19900,0,0
1,SPRLGA9U0199095,공홈,0,4,35900,1,1
1,SPRLGA9U0199105,공홈,4,3,35900,2,0
1,SPRNG24G0159090,공홈,0,8,19900,0,0
1,SPRNG24G0259085,공홈,4,5,19900,2,0
1,SPRNG37G0664095,공홈,0,4,19900,0,0
1,SPRNG37G0685090,공홈,0,7,19900,2,2
1,SPRNG37G2219090,공홈,2,3,19900,0,0
1,SPRPG24C6110090,공홈,0,2,29900,0,0
1,SPRPG24C6110100,공홈,0,3,29900,0,0
1,SPRPG24C6110105,공홈,0,2,29900,0,0
1,SPRPG24C6159100,공홈,0,2,29900,1,1
1,SPRPG24G7059090,공홈,0,6,19900,3,3
1,SPRPG24G7059095,공홈,0,7,19900,1,1
1,SPRPG25C6060090,공홈,0,2,25900,0,0
1,SPRPG25C6060095,공홈,0,5,25900,1,1
1,SPRPG37G5359085,공홈,1,5,19900,0,0
1,SPRPG37G5385095,공홈,0,4,19900,1,1
1,SPRPG37G5410070,공홈,7,3,29900,0,0
1,SPRPG37G7210095,공홈,0,4,19900,0,0
1,SPRPG37G7285090,공홈,2,6,19900,0,0
1,SPRPGA9C7099105,공홈,0,12,29900,0,0
1,SPRWG25G0939095,공홈,2,4,19900,0,0
1,SPRWG37C0619095,공홈,0,4,19900,0,0
1,SPRWG37G0419085,공홈,1,3,19900,2,1
1,SPRWG37G0419090,공홈,0,3,19900,0,0
1,SPRWG37G0419095,공홈,0,4,19900,2,2
1,SPTAG24M2337090,공홈,0,2,39900,0,0
1,SPTAG25W1117070,공홈,0,5,39900,2,2
1,SPTAG25W1119070,공홈,0,2,39900,2,2
1,SPTAG25W1119080,공홈,0,3,39900,3,3
1,SPTAG25W1119085,공홈,0,3,39900,2,2
1,SPTAG25W1133070,공홈,5,2,39900,1,0
1,SPTAG37M2519080,공홈,0,2,39900,0,0
1,SPTAG37M2519095,공홈,0,2,39900,0,0
1,SPTCG23C9119085,공홈,1,2,59900,0,0
1,SPTCG24C0260095,공홈,1,2,39900,1,0
1,SPTCG25G0439075,공홈,0,2,29900,0,0
1,SPTCG25G0439080,공홈,0,3,29900,2,2
1,SPTHG23WY119080,공홈,0,11,39900,2,2
1,SPTHG25M1119105,공홈,1,2,39900,1,0
1,SPTHG26C0115080,공홈,0,3,49900,1,1
1,SPTHG26C0115090,공홈,0,3,49900,2,2
1,SPTHG26C0119085,공홈,0,5,49900,1,1
1,SPTHG26G0260075,공홈,0,7,39900,0,0
1,SPTHG26G0260080,공홈,0,5,39900,0,0
1,SPTHG26W0110070,공홈,0,6,39900,0,0
1,SPTHG26W0110080,공홈,0,7,39900,1,1
1,SPTHG26W0119070,공홈,0,4,39900,1,1
1,SPTHG26W0119075,공홈,0,4,39900,4,4
1,SPTHG26W0119080,공홈,0,6,39900,5,5
1,SPTHG26W0119085,공홈,0,4,39900,4,4
1,SPTHG26W0135085,공홈,0,9,39900,0,0
1,SPTHG26W0159085,공홈,0,3,39900,0,0
1,SPTHG37C0219075,공홈,0,3,39900,0,0
1,SPTHG37C0235090,공홈,0,6,39900,1,1
1,SPTHG37C0258075,공홈,0,9,39900,0,0
1,SPTHG37C0258095,공홈,0,3,39900,0,0
1,SPTNG25C02VB090,공홈,0,6,39900,0,0
1,SPTRGA9KU599130,공홈,0,12,9900,0,0
1,SPWHG25W0110070,공홈,0,5,49900,5,5
1,SPWHG25W0110075,공홈,0,5,49900,5,5
1,SPWHG25W0110080,공홈,0,9,49900,4,4
1,SPWHG25W0119070,공홈,0,3,49900,1,1
1,SPWHG25W0119075,공홈,0,5,49900,5,5
1,SPWHG25W0119080,공홈,0,5,49900,3,3
1,SPWHG25W0135070,공홈,0,6,49900,0,0
1,SPWHG25W0135080,공홈,0,5,49900,1,1
1,SPWHG25W0236070,공홈,0,8,49900,1,1
1,SPWHG25W0236080,공홈,0,5,49900,0,0
1,SPWHG37G0210070,공홈,0,6,39900,1,1
1,SPWHG37G0210080,공홈,1,7,39900,0,0
1,SPWHG37G0219075,공홈,0,8,39900,1,1
1,SPWHG37G0219080,공홈,0,8,39900,2,2
1,SPWHG37G1135070,공홈,0,3,39900,0,0
1,SPWHG37G9119999,공홈,1,3,39900,1,0
1,SPWPG37A0151090,공홈,2,12,7900,4,2
1,SPWPG37A0151095,공홈,8,8,7900,10,2
1,SPWQGA9A0135095,공홈,0,8,9900,8,8
1,SPWRG37A0151090,공홈,0,5,25900,5,5
1,SPWRG37A0151095,공홈,0,6,25900,5,5
1,SPWRG37A01S1090,공홈,6,3,25900,9,3
1,SPWRGA9KG110130,공홈,0,5,15900,0,0
1,SPYWG25M0451095,공홈,0,6,39900,0,0
1,SPYWG25M0451105,공홈,3,5,39900,1,0
1,SPYWG25M0459105,공홈,0,7,39900,1,1
1,SPYWG25M0459110,공홈,0,4,39900,1,1
1,SPYWG25M1119110,공홈,0,2,49900,0,0
1,SPYWG25W0433085,공홈,0,2,39900,0,0
1,SPYWG25W5110090,공홈,0,3,39900,1,1
1,SPYWG25W5119090,공홈,0,4,39900,1,1
1,SPAKGA9A1015999,공홈,0,12,39900,0,0
1,SPAKGA9A7619999,공홈,0,4,29900,0,0
1,SPAKGA9A7664999,공홈,0,2,29900,1,1
1,SPAYGA9A0210095,공홈,0,15,9900,3,3
1,SPAYGA9A0410090,공홈,0,20,9900,0,0
1,SPBNGA9W5110090,공홈,1,3,25900,1,0
1,SPBWG23W0385090,공홈,0,8,49900,1,1
1,SPCKG25M0117110,공홈,0,3,49900,0,0
1,SPCKG37G0451999,공홈,0,1,39900,1,1
1,SPDRG24M0199105,공홈,0,2,29900,0,0
1,SPDRGA9M0210105,공홈,0,2,29900,0,0
1,SPHWG25C5350095,공홈,1,9,29900,0,0
1,SPHWG25C5362095,공홈,0,12,29900,1,1
1,SPJJG25C2119100,공홈,0,2,39900,2,2
1,SPJJG25C2119105,공홈,0,12,39900,1,1
1,SPJJG25C2127100,공홈,0,4,39900,1,1
1,SPJJG25C2135095,공홈,0,6,39900,0,0
1,SPJJG25C2135100,공홈,0,6,39900,0,0
1,SPJJG25C2160100,공홈,0,4,39900,1,1
1,SPJJG25C2160105,공홈,0,12,39900,2,2
1,SPJJG25C2160110,공홈,0,10,39900,3,3
1,SPJJG25CS160105,공홈,0,3,39900,1,1
1,SPJJG37C0335105,공홈,1,3,39900,0,0
1,SPJJG37G0225100,공홈,4,2,39900,1,0
1,SPJKG23M0160100,공홈,0,4,79900,0,0
1,SPJKG25W0119090,공홈,0,3,69900,2,2
1,SPJKG25W0135090,공홈,1,3,69900,2,1
1,SPJVG25C2160095,공홈,0,4,39900,0,0
1,SPKWG24G0219095,공홈,0,5,35900,0,0
1,SPKWG24G0239095,공홈,0,3,35900,1,1
1,SPKWG25M0335100,공홈,3,2,39900,2,0
1,SPKWG37W0351090,공홈,0,5,29900,0,0
1,SPLOG37A0131090,공홈,0,3,39900,1,1
1,SPLOG37A0131095,공홈,0,2,39900,0,0
1,SPLOG37A0131100,공홈,0,3,39900,2,2
1,SPLOG37A0131105,공홈,0,3,39900,1,1
1,SPLOG37A0151090,공홈,0,2,39900,0,0
1,SPLOG37A0151100,공홈,0,2,39900,0,0
1,SPLOG37A0184090,공홈,0,3,39900,0,0
1,SPLOG37A0184095,공홈,1,2,39900,0,0
1,SPLOG37A0184100,공홈,0,2,39900,1,1
1,SPLOG37A0259085,공홈,0,2,39900,0,0
1,SPLOG37A0264085,공홈,0,3,39900,0,0
1,SPMNG23C6260100,공홈,0,3,49900,0,0
1,SPMRGA9A0110110,공홈,0,5,12900,5,5
1,SPMRGA9A0119110,공홈,7,6,12900,13,6
1,SPMRGA9A0310095,공홈,0,6,12900,1,1
1,SPMRGA9A0310100,공홈,0,5,12900,5,5
1,SPMRGA9A0319105,공홈,0,5,12900,5,5
1,SPMTG24G01AA080,공홈,0,3,25900,1,1
1,SPMTG24G01AC080,공홈,0,10,25900,1,1
1,SPMTG24G0519070,공홈,0,2,35900,0,0
1,SPMTG24G0519075,공홈,13,7,35900,2,0
1,SPMTG24G0519080,공홈,0,5,35900,1,1
1,SPMTG24G0526070,공홈,0,2,35900,0,0
1,SPMTG24G0526075,공홈,0,2,35900,0,0
1,SPMTG24G0564075,공홈,0,2,35900,0,0
1,SPMTG24G05AC080,공홈,0,3,35900,0,0
1,SPMTG25C3119075,공홈,0,3,49900,0,0
1,SPMTG25C3119080,공홈,0,1,49900,0,0
1,SPMTG25C3119090,공홈,0,5,49900,2,2
1,SPMTG25C31AC085,공홈,0,2,49900,0,0
1,SPMTG25C31AC090,공홈,0,1,49900,1,1
1,SPMTG37C1119075,공홈,0,4,29900,0,0
1,SPMTG37C11AC075,공홈,0,4,29900,0,0
1,SPMTG37GY010075,공홈,1,2,29900,0,0
1,SPMTG37GY010080,공홈,0,3,29900,1,1
1,SPMZG23G50AA090,공홈,0,6,49900,0,0
1,SPMZG24G05AC090,공홈,0,4,39900,0,0
1,SPMZG25C0233100,공홈,0,2,49900,0,0
1,SPMZG25C02AC095,공홈,0,2,49900,0,0
1,SPOWG37W0110085,공홈,10,4,49900,0,0
1,SPOWG37W0110090,공홈,0,2,49900,2,2
1,SPOWG37W0110095,공홈,0,2,49900,2,2
1,SPOWG37W0117085,공홈,0,6,49900,1,1
1,SPPPG25KU630140,공홈,0,2,39900,2,2
1,SPPPG37KG125100,공홈,0,2,39900,2,2
1,SPPPG37KG125130,공홈,2,3,39900,2,0
1,SPPPG37KG170120,공홈,10,5,39900,1,0
1,SPPPG37KG1CD110,공홈,5,13,39900,7,2
1,SPPPG37KG1CD130,공홈,15,16,39900,4,0
1,SPPPG37KU125110,공홈,20,3,39900,7,0
1,SPPPG37KU125120,공홈,5,2,39900,1,0
1,SPPPG37KU150110,공홈,0,4,39900,0,0
1,SPPPG37KU1CD120,공홈,22,10,39900,4,0
1,SPRNGA9A2010090,공홈,0,4,12900,3,3
1,SPRNGA9A2019085,공홈,0,9,12900,2,2
1,SPRNGA9A2019095,공홈,0,14,12900,3,3
1,SPRNGA9A20AC085,공홈,0,8,12900,0,0
1,SPRNGA9A20AC090,공홈,0,8,12900,0,0
1,SPRPG24C6059100,공홈,0,24,25900,1,1
1,SPRPG24G5310085,공홈,0,14,29900,1,1
1,SPRPG24G5310095,공홈,1,3,29900,1,0
1,SPRPG25C5110100,공홈,0,4,25900,0,0
1,SPRPG25C6010100,공홈,0,3,25900,0,0
1,SPRPG25C6050100,공홈,0,6,25900,0,0
1,SPRPG25C6050105,공홈,0,6,25900,0,0
1,SPRPG25G5026090,공홈,0,3,29900,0,0
1,SPRPG26C6059090,공홈,0,4,29900,0,0
1,SPRPG26C6059100,공홈,0,8,29900,0,0
1,SPRPG26C6059105,공홈,0,9,29900,1,1
1,SPRPG26C6060090,공홈,0,4,29900,0,0
1,SPRPG26C6060100,공홈,0,6,29900,2,2
1,SPRPG26C6060105,공홈,0,4,29900,1,1
1,SPRPG26C6085090,공홈,0,4,29900,0,0
1,SPRPG26C6085100,공홈,0,4,29900,2,2
1,SPRPG26C6085105,공홈,0,4,29900,0,0
1,SPRPG37G54AC075,공홈,0,8,29900,0,0
1,SPRPG37G72AA090,공홈,0,5,19900,0,0
1,SPRSG25C0439105,공홈,0,14,29900,1,1
1,SPRWG24G0339085,공홈,1,5,25900,1,0
1,SPRWG25C0219100,공홈,0,8,15900,3,3
1,SPRWG25C0259095,공홈,4,4,15900,3,0
1,SPRWG25C0259100,공홈,0,4,15900,3,3
1,SPRWG25C0259105,공홈,4,6,15900,2,0
1,SPRWG25C0539100,공홈,0,4,25900,2,2
1,SPRWGA9A0110100,공홈,4,8,15900,0,0
1,SPRWGA9A0199090,공홈,0,4,15900,0,0
1,SPRWGA9A0199110,공홈,5,4,15900,0,0
1,SPRWGA9A0210090,공홈,0,3,19900,0,0
1,SPRWGA9A0210095,공홈,0,7,19900,0,0
1,SPRWGA9A0210105,공홈,0,38,19900,0,0
1,SPRWGA9A0219105,공홈,0,12,19900,0,0
1,SPRWGA9C0110090,공홈,0,15,19900,4,4
1,SPRWGA9C0110100,공홈,0,14,19900,14,14
1,SPRWGA9C0110105,공홈,0,16,19900,7,7
1,SPRWGA9C0116105,공홈,0,9,19900,3,3
1,SPRWGA9C0119095,공홈,0,14,19900,3,3
1,SPRWGA9C0119100,공홈,0,15,19900,10,10
1,SPRWGA9C0119105,공홈,0,12,19900,12,12
1,SPRWGA9C0119110,공홈,0,15,19900,10,10
1,SPRWGA9C0158105,공홈,1,11,19900,3,2
1,SPRWGA9C0160100,공홈,0,10,19900,3,3
1,SPRWGA9C0160105,공홈,0,11,19900,7,7
1,SPRWGA9C0160110,공홈,0,10,19900,4,4
1,SPRWGA9C0164095,공홈,0,6,19900,0,0
1,SPSMG24KU149150,공홈,2,3,39900,1,0
1,SPSMG25KG3B7110,공홈,3,5,49900,0,0
1,SPSMG25KG3CD120,공홈,0,2,49900,1,1
1,SPTAG23M5119074,공홈,1,2,39900,0,0
1,SPTAG23M5215082,공홈,0,5,49900,0,0
1,SPTAG25W0160064,공홈,0,3,39900,0,0
1,SPTAG25W0160067,공홈,0,2,39900,1,1
1,SPTAG25W0160073,공홈,0,3,39900,0,0
1,SPTAG25W0160078,공홈,0,3,39900,1,1
1,SPTAG25W0219070,공홈,0,3,39900,3,3
1,SPTAG25W0219078,공홈,3,2,39900,5,2
1,SPTAG25W0260067,공홈,0,3,39900,0,0
1,SPTAG25W0260070,공홈,0,3,39900,1,1
1,SPTAG25W0260075,공홈,0,2,39900,2,2
1,SPTCG23C0219078,공홈,0,1,49900,0,0
1,SPTCG23C0219086,공홈,0,2,49900,1,1
1,SPTCG23C0336078,공홈,0,8,49900,1,1
1,SPTCG23C0336082,공홈,0,2,49900,2,2
1,SPTCG23C0336090,공홈,0,1,49900,0,0
1,SPTCG23C0360082,공홈,0,3,49900,2,2
1,SPTCG23C0385082,공홈,0,6,49900,1,1
1,SPTCG23C0385086,공홈,0,3,49900,0,0
1,SPTCG23C9119080,공홈,0,2,59900,0,0
1,SPTCG23G0110070,공홈,0,5,49900,1,1
1,SPTCG23G0135070,공홈,0,4,49900,1,1
1,SPTCG23G0185070,공홈,0,2,49900,0,0
1,SPTCG23G0185073,공홈,0,2,49900,0,0
1,SPTCG23G0185075,공홈,0,6,49900,0,0
1,SPTCG23G0210064,공홈,0,12,49900,1,1
1,SPTCG23G0210067,공홈,0,9,49900,3,3
1,SPTCG23G0210070,공홈,0,1,49900,1,1
1,SPTCG23G0210073,공홈,0,7,49900,1,1
1,SPTCG23G0210075,공홈,0,6,49900,4,4
1,SPTCG23G0219073,공홈,0,10,49900,0,0
1,SPTCG23G0219075,공홈,0,4,49900,1,1
1,SPTCG23G0435070,공홈,0,1,49900,0,0
1,SPTCG23G0435073,공홈,0,1,49900,1,1
1,SPTCG23M0135095,공홈,0,2,49900,1,1
1,SPTCG24C0119080,공홈,0,10,39900,1,1
1,SPTCG24C0137085,공홈,2,6,39900,2,0
1,SPTCG25C1219075,공홈,0,8,39900,1,1
1,SPTCG25C1219085,공홈,0,13,39900,0,0
1,SPTCG25C1249095,공홈,0,4,39900,0,0
1,SPTCG25C1419080,공홈,0,3,39900,3,3
1,SPTCG25C1419085,공홈,0,4,39900,2,2
1,SPTCG25C1419090,공홈,0,9,39900,5,5
1,SPTCG25W0119064,공홈,2,1,49900,0,0
1,SPTHG25C2119085,공홈,0,6,39900,3,3
1,SPTHG25C2119090,공홈,0,6,39900,0,0
1,SPTHG25C2135085,공홈,0,5,39900,0,0
1,SPTHG25C2160090,공홈,0,4,39900,1,1
1,SPTHG26W0110085,공홈,0,5,39900,0,0
1,SPTHG37C0235075,공홈,0,6,39900,0,0
1,SPTJG23C4156080,공홈,0,2,49900,0,0
1,SPTJG23C4156084,공홈,0,2,49900,0,0
1,SPTJG23C4157086,공홈,0,6,49900,0,0
1,SPTJG23C5117074,공홈,0,2,49900,0,0
1,SPTJG23C5117078,공홈,0,2,49900,0,0
1,SPTJG23C5117086,공홈,0,1,49900,0,0
1,SPTJG23C5119074,공홈,0,3,49900,0,0
1,SPTJG23C5119078,공홈,0,3,49900,0,0
1,SPTJG23C5155074,공홈,0,1,49900,1,1
1,SPTJG23C5159074,공홈,0,1,49900,0,0
1,SPTJG23C51BC078,공홈,0,2,49900,0,0
1,SPTJG23C51BC082,공홈,0,2,49900,0,0
1,SPTJG23C5355082,공홈,0,4,49900,0,0
1,SPTJG23C5615078,공홈,0,2,49900,0,0
1,SPTJG23C5615086,공홈,1,2,49900,0,0
1,SPTJG23C5655086,공홈,0,2,49900,0,0
1,SPTJG23C5655090,공홈,0,2,49900,0,0
1,SPTJG23G5359064,공홈,0,3,49900,0,0
1,SPTJG23G5359067,공홈,0,1,49900,0,0
1,SPTJG23G6157061,공홈,1,2,49900,0,0
1,SPTJG24C5517090,공홈,0,4,39900,1,1
1,SPTJG24C5559080,공홈,0,2,39900,2,2
1,SPTJG24C5559085,공홈,1,3,39900,1,0
1,SPTJG25C2156074,공홈,0,1,49900,0,0
1,SPTJG25C2156078,공홈,1,1,49900,0,0
1,SPTJG25C2156080,공홈,0,1,49900,1,1
1,SPTJG25C2156086,공홈,9,2,49900,0,0
1,SPTJG25C2157080,공홈,0,1,49900,1,1
1,SPTJG25C4155082,공홈,8,1,49900,1,0
1,SPTJG25C4157074,공홈,1,2,49900,1,0
1,SPTJG25C4157078,공홈,0,2,49900,1,1
1,SPTJG25C4157084,공홈,0,2,49900,1,1
1,SPTJG25C4157086,공홈,5,7,49900,2,0
1,SPTJG25C4157090,공홈,0,2,49900,1,1
1,SPTJG25C4159078,공홈,5,2,49900,0,0
1,SPTJG25C4159084,공홈,0,3,49900,0,0
1,SPTJG25C4159090,공홈,0,3,49900,0,0
1,SPTJG25C5255090,공홈,0,4,49900,0,0
1,SPTJG25C5256090,공홈,0,1,49900,1,1
1,SPTJG25G3255070,공홈,0,8,49900,0,0
1,SPTJG25G3255075,공홈,1,1,49900,2,1
1,SPTJG25G3256070,공홈,0,4,49900,0,0
1,SPTJG25G7155067,공홈,0,1,49900,1,1
1,SPTJG37C5217082,공홈,0,1,49900,0,0
1,SPTJG37C5217090,공홈,0,2,49900,0,0
1,SPTJG37C5255074,공홈,0,2,49900,0,0
1,SPTJG37C5255082,공홈,0,2,49900,1,1
1,SPTJG37C5255086,공홈,0,2,49900,1,1
1,SPTJG37C5255090,공홈,0,2,49900,0,0
1,SPTJG37C5256074,공홈,0,2,49900,1,1
1,SPTJG37C5256078,공홈,0,2,49900,0,0
1,SPTJG37C5256090,공홈,0,2,49900,1,1
1,SPTJGA9C2119082,공홈,0,2,49900,0,0
1,SPTJGA9C2157082,공홈,0,2,49900,0,0
1,SPWHG37G0219070,공홈,0,2,39900,0,0
1,SPWQGA9A0110095,공홈,0,6,9900,6,6
1,SPWQGA9A0119095,공홈,0,6,9900,0,0
1,SPYJG24G0155085,공홈,0,2,39900,2,2
1,SPYJG24G0156085,공홈,4,6,39900,4,0
1,SPYJG37C01VB095,공홈,0,1,49900,1,1
1,SPYWG25C0110100,공홈,1,7,39900,1,0
1,SPYWG25C0110105,공홈,0,8,39900,0,0
1,SPYWG25C0119105,공홈,0,4,39900,0,0
1,SPYWG25C0151110,공홈,0,6,39900,0,0
1,SPYWG25CY251100,공홈,0,6,39900,1,1
1,SPYWG25M0303110,공홈,0,3,39900,2,2
1,SPYWG25M0333100,공홈,0,3,39900,0,0
1,SPYWG25M0333105,공홈,0,3,39900,1,1
1,SPYWG25M0333110,공홈,0,2,39900,1,1
1,SPYWG25M0350095,공홈,0,3,39900,2,2
1,SPYWG25M0350100,공홈,0,2,39900,2,2
1,SPYWG25W0417090,공홈,0,3,39900,0,0
1,SPJJG23C0215095,공홈,0,1,59900,0,0
1,SPJJG23G0119095,공홈,0,1,59900,1,1
1,SPJJG23G01G2085,공홈,0,3,59900,0,0
1,SPRPG24G7029090,공홈,0,8,19900,0,0
1,SPRPG24G7029095,공홈,0,4,19900,2,2
1,SPTCG23G0219064,공홈,0,1,49900,1,1
1,SPAKGA9A7719999,공홈,0,1,39900,1,1
1,SPAKGA9A8285999,공홈,0,1,49900,0,0
1,SPAKGA9A9549999,공홈,0,2,29900,1,1
1,SPBNGA9W5119090,공홈,0,2,25900,0,0
1,SPBWG23W0139090,공홈,0,8,49900,1,1
1,SPBWG23W0139095,공홈,0,2,49900,1,1
1,SPBWG23W0215085,공홈,0,4,49900,1,1
1,SPBWG23W0385085,공홈,0,4,49900,0,0
1,SPBWG23W0485095,공홈,0,1,39900,0,0
1,SPBWG23W0560085,공홈,0,2,39900,0,0
1,SPBWG24W9219999,공홈,0,4,49900,1,1
1,SPBWG37W0110090,공홈,0,4,39900,1,1
1,SPCKG23W0320090,공홈,0,2,49900,0,0
1,SPCKG23W0350085,공홈,0,2,49900,0,0
1,SPCKG25G0239085,공홈,0,2,39900,0,0
1,SPCKG25G0333085,공홈,0,4,39900,0,0
1,SPCKG25G0333090,공홈,0,2,39900,0,0
1,SPCKG25G0333100,공홈,0,6,39900,1,1
1,SPCKG25G0337090,공홈,1,3,39900,0,0
1,SPCKG25G0337095,공홈,0,2,39900,0,0
1,SPCKG25G0359085,공홈,0,4,39900,1,1
1,SPCKG25G0360095,공홈,0,6,39900,0,0
1,SPCKG25G5051085,공홈,0,4,39900,1,1
1,SPCKG25G5051090,공홈,1,3,39900,3,2
1,SPHWG25C5350100,공홈,0,7,29900,0,0
1,SPHWG25C5350105,공홈,0,7,29900,1,1
1,SPHWG25C5359095,공홈,0,3,29900,1,1
1,SPHWG25C5359105,공홈,0,4,29900,0,0
1,SPHWG25C5362100,공홈,0,10,29900,0,0
1,SPHWG25C5362105,공홈,0,7,29900,0,0
1,SPJJG23C0319100,공홈,0,8,69900,1,1
1,SPJJG23C0350095,공홈,0,3,69900,0,0
1,SPJJG23C1117105,공홈,1,1,59900,0,0
1,SPJJG23C1119100,공홈,0,2,59900,0,0
1,SPJJG23C1119105,공홈,0,2,59900,0,0
1,SPJJG23CY2D2090,공홈,0,2,59900,0,0
1,SPJJG23CY2D2105,공홈,0,2,59900,0,0
1,SPJJG23G0319095,공홈,0,5,59900,0,0
1,SPJJG25G1159085,공홈,0,16,49900,4,4
1,SPJJG37C0995110,공홈,1,3,39900,1,0
1,SPJJG37G9010095,공홈,0,1,49900,0,0
1,SPJJG37GS119095,공홈,1,1,49900,0,0
1,SPJKGA9W0219090,공홈,0,2,79900,1,1
1,SPKWG24G01AC090,공홈,0,5,29900,2,2
1,SPKWG25G0119090,공홈,0,3,39900,0,0
1,SPKWG25G0120095,공홈,0,4,39900,1,1
1,SPKWG25G0159095,공홈,0,5,39900,3,3
1,SPKWG37W0119085,공홈,0,2,39900,0,0
1,SPLOG37G0110100,공홈,0,3,35900,0,0
1,SPLWG23G0220095,공홈,0,6,29900,0,0
1,SPLWG23G0285095,공홈,0,4,29900,1,1
1,SPLWG23G0299085,공홈,0,6,29900,0,0
1,SPLWG23G0419095,공홈,0,8,35900,1,1
1,SPLWG23G0433090,공홈,0,8,35900,0,0
1,SPLWG23G04AC090,공홈,0,6,35900,0,0
1,SPLWG24G0159085,공홈,0,4,35900,1,1
1,SPLWG24G01AA095,공홈,0,6,35900,0,0
1,SPLWG24GY039085,공홈,0,14,49900,0,0
1,SPLWG24GY039090,공홈,0,18,49900,3,3
1,SPLWG24GY039095,공홈,0,12,49900,1,1
1,SPLWG24GY059095,공홈,3,17,49900,2,0
1,SPMTG23C6660080,공홈,0,2,35900,0,0
1,SPMTG24G05AC070,공홈,2,5,35900,4,2
1,SPMTG24G92AC075,공홈,0,3,39900,0,0
1,SPMTG25C3219085,공홈,0,8,39900,2,2
1,SPMTG25C32AC085,공홈,0,10,39900,1,1
1,SPMTG37G0219075,공홈,7,45,29900,8,1
1,SPMTG37G0299070,공홈,0,3,29900,0,0
1,SPMTG37G0299075,공홈,0,5,29900,0,0
1,SPMZG23CY259095,공홈,0,2,49900,0,0
1,SPMZG23CY259100,공홈,0,4,49900,1,1
1,SPMZG23CY259105,공홈,0,6,49900,0,0
1,SPMZG23G5051090,공홈,0,2,49900,0,0
1,SPMZG23G5064085,공홈,0,2,49900,0,0
1,SPMZG24G05AC095,공홈,0,4,39900,2,2
1,SPMZG37G0219085,공홈,7,9,39900,4,0
1,SPOWG23W0119095,공홈,0,1,59900,0,0
1,SPOWG23W0164095,공홈,0,1,59900,0,0
1,SPPPG25U0110095,공홈,0,16,39900,13,13
1,SPPPG25U0110100,공홈,0,8,39900,6,6
1,SPPPG25U0110105,공홈,0,8,39900,3,3
1,SPPPG25U0110110,공홈,0,8,39900,2,2
1,SPPPG25U0119090,공홈,0,4,39900,0,0
1,SPPPG25U0119100,공홈,0,3,39900,3,3
1,SPPPG25U0119105,공홈,0,2,39900,1,1
1,SPPPG25U0125095,공홈,0,8,39900,1,1
1,SPPPG25U0125100,공홈,0,6,39900,1,1
1,SPPPG25U0239105,공홈,1,3,39900,2,1
1,SPPPG25U0239110,공홈,6,3,39900,3,0
1,SPPPG25U0284105,공홈,0,2,39900,2,2
1,SPPPG25U0525105,공홈,0,6,39900,1,1
1,SPPPG25U0525110,공홈,0,2,39900,0,0
1,SPPPG25U0530095,공홈,0,17,39900,10,10
1,SPPPG25U0530100,공홈,0,11,39900,5,5
1,SPPPG25U0530105,공홈,0,6,39900,4,4
1,SPPPG25U0530110,공홈,0,6,39900,6,6
1,SPPPG25U0550105,공홈,0,10,39900,1,1
1,SPPPG25U0550110,공홈,0,5,39900,0,0
1,SPPPG25U0575100,공홈,0,4,39900,0,0
1,SPPPG25U0575105,공홈,0,2,39900,2,2
1,SPPPG25U0575110,공홈,0,2,39900,1,1
1,SPPPG25U0610090,공홈,0,4,39900,3,3
1,SPPPG25U0610100,공홈,0,5,39900,0,0
1,SPPPG25U0610105,공홈,0,4,39900,0,0
1,SPPPG25U0610110,공홈,0,2,39900,0,0
1,SPPPG25U0625090,공홈,0,2,39900,2,2
1,SPPPG25U0625095,공홈,0,4,39900,1,1
1,SPPPG25U0625100,공홈,0,3,39900,0,0
1,SPPPG25U0625105,공홈,0,2,39900,0,0
1,SPPPG25U0640090,공홈,0,3,39900,1,1
1,SPPPG25U0640095,공홈,23,7,39900,2,0
1,SPPPG25U0640105,공홈,8,3,39900,1,0
1,SPPPG25U0650105,공홈,0,4,39900,0,0
1,SPPPG25U0650110,공홈,0,3,39900,1,1
1,SPPPG25U0925105,공홈,0,2,39900,1,1
1,SPPPG37U1640100,공홈,0,3,39900,2,2
1,SPPPG37U1710090,공홈,8,10,39900,3,0
1,SPPPG37U1750095,공홈,0,3,39900,0,0
1,SPPPG37U2526075,공홈,2,39,29900,16,14
1,SPPPG37U2526080,공홈,0,11,29900,6,6
1,SPPPG37U2585070,공홈,0,2,29900,2,2
1,SPPPG37U2585075,공홈,2,66,29900,17,15
1,SPPPG37U2585080,공홈,1,48,29900,21,20
1,SPPPG37U2830095,공홈,6,6,39900,6,0
1,SPPPG37U2851105,공홈,11,3,39900,3,0
1,SPRLG25U01CI095,공홈,2,3,25900,0,0
1,SPRLG25U01CI100,공홈,0,5,25900,2,2
1,SPRLG25U01CI105,공홈,3,2,25900,2,0
1,SPRLG25U0299090,공홈,4,10,25900,0,0
1,SPRLG25U0299095,공홈,0,2,25900,1,1
1,SPRLG25U0810090,공홈,0,4,25900,4,4
1,SPRLG25U0819090,공홈,2,5,25900,1,0
1,SPRLG25U0819095,공홈,5,5,25900,5,0
1,SPRLG25U0819100,공홈,0,3,25900,1,1
1,SPRLG25U0819105,공홈,0,5,25900,2,2
1,SPRLG25U2099100,공홈,0,2,25900,1,1
1,SPRLG37U0719100,공홈,11,8,35900,2,0
1,SPRLG37U0719105,공홈,0,7,35900,1,1
1,SPRLG37U3385095,공홈,0,3,25900,3,3
1,SPRLG37U3385105,공홈,0,6,25900,6,6
1,SPRLG37U3530095,공홈,6,6,25900,6,0
1,SPRLG37U3530100,공홈,16,10,25900,3,0
1,SPRLG37U3620100,공홈,26,18,25900,9,0
1,SPRLG37U3710090,공홈,17,2,25900,5,0
1,SPRLG37U3710095,공홈,1,3,25900,4,3
1,SPRLG37U3710100,공홈,2,2,25900,4,2
1,SPRLG37U3710105,공홈,0,4,25900,4,4
1,SPRLG37U3810105,공홈,0,6,25900,3,3
1,SPRLG37U3840090,공홈,1,6,25900,1,0
1,SPRLG37U3840095,공홈,0,6,25900,0,0
1,SPRLG37U4110100,공홈,0,6,25900,3,3
1,SPRLG37U4110105,공홈,0,6,25900,4,4
1,SPRLG37U4110110,공홈,0,3,25900,3,3
1,SPRLG37U4120090,공홈,0,2,25900,2,2
1,SPRLG37U4120100,공홈,0,4,25900,0,0
1,SPRLG37U5359100,공홈,0,2,35900,1,1
1,SPRLG37U5359105,공홈,0,2,35900,1,1
1,SPRNG24G0159095,공홈,0,8,19900,0,0
1,SPRNG37G0420095,공홈,0,6,15900,0,0
1,SPRNG37G04AC085,공홈,3,17,15900,3,0
1,SPRNG37G0664090,공홈,0,6,19900,1,1
1,SPRNG37G2289095,공홈,0,12,19900,0,0
1,SPRPG24C6029090,공홈,0,6,25900,0,0
1,SPRPG24C6029105,공홈,0,8,25900,0,0
1,SPRPG24G5015090,공홈,2,8,25900,1,0
1,SPRPG24G5029085,공홈,1,7,25900,0,0
1,SPRPG24G5029095,공홈,3,15,25900,1,0
1,SPRPG24G5059085,공홈,0,6,25900,0,0
1,SPRPG24G5059090,공홈,0,8,25900,1,1
1,SPRPG24G5110090,공홈,0,12,19900,1,1
1,SPRPG24G5129095,공홈,3,11,19900,0,0
1,SPRPG24G5160090,공홈,0,12,19900,0,0
1,SPRPG24G5510095,공홈,0,4,25900,3,3
1,SPRPG24G5529095,공홈,0,4,25900,0,0
1,SPRPG25C6050095,공홈,0,4,25900,0,0
1,SPRPG25C6060100,공홈,0,3,25900,0,0
1,SPRPG37G7259085,공홈,0,4,19900,0,0
1,SPRPG37G7259090,공홈,0,3,19900,1,1
1,SPRSG25C0415100,공홈,1,9,29900,2,1
1,SPRSG25C0459095,공홈,0,4,29900,1,1
1,SPRSG25C0459100,공홈,0,8,29900,2,2
1,SPRWG25G0385095,공홈,1,7,25900,0,0
1,SPRWG37G3139095,공홈,2,8,25900,0,0
1,SPRWGA9A0199095,공홈,0,3,15900,0,0
1,SPRWGA9C0110110,공홈,0,14,19900,1,1
1,SPRWGA9C0116095,공홈,0,6,19900,1,1
1,SPRWGA9C0116100,공홈,0,6,19900,2,2
1,SPRWGA9C0119090,공홈,0,10,19900,4,4
1,SPRWGA9C0158095,공홈,0,8,19900,2,2
1,SPRWGA9C0158100,공홈,0,6,19900,5,5
1,SPRWGA9C0160090,공홈,0,7,19900,1,1
1,SPRWGA9C0160095,공홈,0,6,19900,1,1
1,SPRWGA9C0164105,공홈,0,6,19900,3,3
1,SPTCG23G0119078,공홈,0,1,49900,1,1
1,SPTCG23G0159078,공홈,0,1,49900,0,0
1,SPTCG23G0185078,공홈,0,1,49900,1,1
1,SPTCG23G0215064,공홈,0,1,49900,0,0
1,SPTCG23G0215070,공홈,0,1,49900,0,0
1,SPTCG23G0319067,공홈,3,3,49900,4,1
1,SPTCG23G0319073,공홈,5,1,49900,1,0
1,SPTCG24G9136070,공홈,0,3,49900,0,0
1,SPTCG38G9019070,공홈,0,1,59900,0,0
1,SPTCG38G9019075,공홈,1,4,59900,1,0
1,SPTCG38G9019080,공홈,0,4,59900,0,0
1,SPTHG23WY117075,공홈,0,2,39900,2,2
1,SPTHG23WY117080,공홈,0,2,39900,0,0
1,SPTHG23WY160070,공홈,0,8,39900,1,1
1,SPTHG23WY160075,공홈,0,3,39900,1,1
1,SPTHG26W0110075,공홈,0,2,39900,2,2
1,SPTJG23C4159082,공홈,0,1,49900,0,0
1,SPTJG23G3117064,공홈,0,2,49900,0,0
1,SPTJG23G3156064,공홈,0,2,49900,0,0
1,SPTJG23G31BC075,공홈,0,2,49900,0,0
1,SPTJG23G5317078,공홈,0,2,49900,0,0
1,SPTJG23G6117064,공홈,0,1,49900,0,0
1,SPTJG23G6117067,공홈,0,2,49900,0,0
1,SPTJG23G6117070,공홈,0,1,49900,0,0
1,SPTJG23G6117073,공홈,1,1,49900,1,0
1,SPTJG23G6117078,공홈,0,3,49900,0,0
1,SPTJG24G5557075,공홈,2,3,39900,1,0
1,SPTJG25C2157086,공홈,0,1,49900,0,0
1,SPTJG25C4117090,공홈,0,1,49900,0,0
1,SPTJG25C5155074,공홈,0,1,49900,1,1
1,SPTJG25C5156078,공홈,0,1,49900,1,1
1,SPTJG25C5156080,공홈,0,3,49900,0,0
1,SPTJG25C5156082,공홈,0,4,49900,3,3
1,SPTJG25C5156084,공홈,0,2,49900,1,1
1,SPTJG25C5156086,공홈,0,3,49900,1,1
1,SPTJG25C5156090,공홈,0,1,49900,0,0
1,SPTJG25G3256064,공홈,1,5,49900,1,0
1,SPTJG25G3256067,공홈,3,5,49900,1,0
1,SPWHG23W1319070,공홈,1,3,49900,0,0
1,SPWHG24G9219070,공홈,0,2,49900,0,0
1,SPWHG24G9219075,공홈,0,1,49900,0,0
1,SPWHG24G9315075,공홈,3,2,49900,0,0
1,SPWHG25W0236075,공홈,0,6,49900,0,0
1,SPWHG37GY319080,공홈,0,5,39900,0,0
1,SPWPGA9A1119085,공홈,1,11,7900,3,2
1,SPWPGA9A1131090,공홈,0,10,7900,1,1
1,SPWRGA9A0110090,공홈,0,9,12900,9,9
1,SPWRGA9A11S1080,공홈,0,8,19900,7,7
1,SPYJG24C0117090,공홈,0,4,39900,0,0
1,SPYJG24C0117095,공홈,0,10,39900,1,1
1,SPYJG24C0117100,공홈,4,12,39900,2,0
1,SPYJG24C0117105,공홈,0,8,39900,2,2
1,SPYJG24C0117110,공홈,0,10,39900,0,0
1,SPYJG24C0156100,공홈,0,2,39900,0,0
1,SPYJG24C0159090,공홈,3,7,39900,1,0
1,SPYJG24C0159095,공홈,4,22,39900,1,0
1,SPYJG24C0159100,공홈,0,22,39900,1,1
1,SPYJG24C0159105,공홈,0,14,39900,2,2
1,SPYJG24C0159110,공홈,0,4,39900,0,0
1,SPYWG25CY210090,공홈,0,4,39900,0,0
1,SPPPG25KU110110,공홈,10,5,39900,4,0
1,SPPPG25KU110120,공홈,15,5,39900,1,0
1,SPPPG25KU110140,공홈,10,6,39900,5,0
1,SPPPG25KU110150,공홈,0,4,39900,4,4
1,SPPPG25KU125160,공홈,0,5,39900,4,4
1,SPPPG25U0419110,공홈,17,5,39900,11,0
1,SPPPG37U1710100,공홈,0,3,39900,2,2
1,SPPPG37U2699090,공홈,0,3,39900,3,3
1,SPPPG37U2699095,공홈,0,6,39900,6,6
1,SPPPG37U2699100,공홈,0,6,39900,6,6
1,SPPPG37U2699105,공홈,0,3,39900,3,3
1,SPPPG37U2699110,공홈,0,3,39900,3,3
1,SPPPG37U3340090,공홈,0,2,39900,1,1
1,SPPPG37U3340095,공홈,36,2,39900,7,0
1,SPRLG25U0410090,공홈,0,4,25900,0,0
1,SPRLG25U0410100,공홈,0,5,25900,0,0
1,SPRLG25U0450090,공홈,0,5,25900,2,2
1,SPRLG25U0810105,공홈,0,2,25900,2,2
